transaction_id,user_id,amount,merchant_category,transaction_type,timestamp,user_signup_date,device_type,is_international,prior_transactions_24h,avg_amount_7d,is_fraud
1,202,176.64,utilities,debit,2024-06-15 02:19:00,2023-05-29 02:19:00,desktop,1.0,0.0,155.22,1.0
2,279,166.23,food,credit,2024-03-21 06:24:00,2023-01-04 06:24:00,mobile,1.0,4.0,129.87,0.0
3,192,95.21,payroll,debit,2024-05-09 00:22:00,2022-01-02 00:22:00,desktop,0.0,0.0,-108.75,0.0
4,114,82.33,saas,debit,2024-06-25 13:09:00,2022-11-04 13:09:00,N/A,0.0,2.0,137.46,0.0
5,206,459.81,utilities,credit,2024-03-01 02:47:00,2023-12-02 02:47:00,mobile,0.0,3.0,110.97,0.0
6,171,187.07,utilities,debit,2024-06-03 17:40:00,2022-05-16 17:40:00,desktop,0.0,3.0,204.45,0.0
7,288,56.04,utilities,,2024-02-22 16:46:00,2023-01-28 16:46:00,mobile,0.0,2.0,,0.0
8,120,137.93,test,debit,2024-04-14 02:08:00,2022-09-10 02:08:00,desktop,0.0,0.0,137.96,0.0
9,202,80.2,saas,debit,2024-05-30 14:56:00,2024-04-16 14:56:00,mobile,1.0,2.0,77.03,0.0
10,221,542.69,travel,debit,2024-01-21 10:32:00,2022-02-08 10:32:00,desktop,0.0,1.0,196.8,1.0
11,174,1.51,entertainment,credit,2024-06-16 05:50:00,2022-08-22 05:50:00,desktop,0.0,3.0,,0.0
12,187,51.06,payroll,debit,2024-05-04 18:49:00,2022-09-14 18:49:00,desktop,0.0,3.0,97.17,0.0
13,216,90.94,travel,debit,2024-02-20 06:13:00,2024-02-01 06:13:00,mobile,0.0,4.0,184.25,0.0
14,199,133.81,payroll,debit,2024-04-24 18:49:00,2024-01-14 18:49:00,mobile,0.0,2.0,35.4,0.0
15,203,380.52,entertainment,credit,2024-01-15 12:04:00,2021-07-15 12:04:00,desktop,0.0,1.0,164.04,0.0
16,251,18.4,saas,credit,2024-01-04 18:54:00,2022-05-07 18:54:00,mobile,0.0,2.0,8326.22,0.0
17,230,327.84,entertainment,credit,2024-02-22 01:20:00,2022-01-17 01:20:00,desktop,0.0,1.0,158.98,0.0
18,249,11.45,saas,debit,2024-03-12 03:01:00,2023-03-21 03:01:00,desktop,1.0,1.0,124.67,0.0
19,152,369.43,entertainment,debit,2024-06-14 10:45:00,2022-12-20 10:45:00,mobile,0.0,3.0,87.89,0.0
20,101,10.6,travel,debit,2024-01-31 06:58:00,2021-12-31 06:58:00,desktop,0.0,1.0,204.13,0.0
21,187,3.68,food,debit,2024-05-29 07:40:00,2021-11-03 07:40:00,mobile,1.0,1.0,196.37,0.0
22,257,238.78,TRAVEL,debit,2024-05-14 13:03:00,2024-04-11 13:03:00,desktop,0.0,4.0,117.73,0.0
23,137,1179.63,payroll,debit,2024-02-02 17:11:00,2021-06-07 17:11:00,mobile,0.0,3.0,119.07,0.0
24,229,453.85,travel,debit,2024-04-28 12:45:00,2023-09-12 12:45:00,desktop,1.0,3.0,209.34,0.0
25,291,171.6,utilities,debit,2024-05-30 12:30:00,2022-12-23 12:30:00,desktop,0.0,1.0,176.58,0.0
26,287,,payroll,debit,2024-03-24 17:52:00,2022-07-03 17:52:00,mobile,0.0,4.0,60.67,0.0
27,120,1.06,entertainment,debit,2024-06-11 12:00:00,2022-01-31 12:00:00,desktop,0.0,2.0,140.21,0.0
28,260,738.31,,debit,2024-06-26 18:29:00,2024-01-23 18:29:00,desktop,1.0,2.0,138.37,1.0
29,157,134.96,food,debit,2024-02-11 15:53:00,2022-12-15 15:53:00,mobile,0.0,1.0,162.38,0.0
30,121,256.67,saas,debit,2024-03-30 08:12:00,2021-10-07 08:12:00,desktop,0.0,4.0,150.3,0.0
31,188,,entertainment,debit,2024-04-07 04:00:00,2023-08-05 04:00:00,mobile,0.0,1.0,124.36,1.0
32,148,253.49,payroll,debit,2024-06-19 18:45:00,2023-05-11 18:45:00,desktop,0.0,4.0,158.92,0.0
33,158,,entertainment,debit,2024-02-24 15:12:00,2021-11-02 15:12:00,mobile,0.0,3.0,,
34,269,129.49,entertainment,debit,2024-06-22 20:31:00,2022-05-25 20:31:00,desktop,0.0,2.0,320.71,0.0
35,287,364.75,entertainment,credit,2024-02-15 22:05:00,2022-08-23 22:05:00,desktop,0.0,1.0,156.14,0.0
36,114,45.9,saas,debit,2024-05-31 01:16:00,2023-12-22 01:16:00,desktop,0.0,1.0,149.27,0.0
37,289,688.37,travel,debit,2024-03-22 14:29:00,2022-03-06 14:29:00,mobile,0.0,1.0,242.14,0.0
38,289,248.23,entertainment,debit,2024-02-12 18:42:00,2022-03-12 18:42:00,mobile,0.0,5.0,81.78,0.0
39,274,44.51,utilities,debit,2024-05-21 01:17:00,2024-01-25 01:17:00,mobile,1.0,2.0,144.5,0.0
40,289,266.55,food,debit,2024-06-13 15:09:00,2023-09-16 15:09:00,mobile,0.0,0.0,102.52,0.0
41,150,150.94,saas,debit,2024-01-30 07:42:00,2021-12-21 07:42:00,desktop,1.0,2.0,181.75,0.0
42,207,245.67,payroll,credit,2024-02-04 04:23:00,2022-03-14 04:23:00,desktop,1.0,6.0,125.28,0.0
43,154,292.01,saas,debit,2024-06-16 10:04:00,2023-02-15 10:04:00,mobile,0.0,0.0,179.0,0.0
44,163,18.27,payroll,credit,2024-06-17 06:38:00,2022-01-14 06:38:00,mobile,0.0,,175.4,0.0
45,230,141.09,saas,debit,,2023-08-27 08:53:00,mobile,1.0,0.0,189.02,0.0
46,150,537.69,payroll,debit,2024-05-07 15:24:00,2021-09-30 15:24:00,desktop,0.0,1.0,176.23,0.0
47,234,77.32,entertainment,credit,2024-03-26 04:10:00,2023-06-26 04:10:00,mobile,,1.0,138.8,0.0
48,120,180.22,travel,debit,2024-02-04 07:40:00,2023-05-21 07:40:00,mobile,0.0,0.0,,0.0
49,172,-2020.56,payroll,debit,2024-02-22 10:24:00,2023-10-10 10:24:00,desktop,0.0,3.0,200.45,0.0
50,266,121.13,payroll,debit,2024-01-02 17:02:00,2022-02-18 17:02:00,desktop,0.0,2.0,220.45,0.0
51,117,159.08,utilities,debit,2024-01-07 13:40:00,2022-01-15 13:40:00,mobile,0.0,2.0,103.11,0.0
52,231,159.22,payroll,debit,2024-03-09 23:19:00,2022-02-20 23:19:00, desktop ,1.0,1.0,186.79,0.0
53,188,45.06,utilities,debit,2024-06-27 05:54:00,2023-05-02 05:54:00,mobile,0.0,2.0,91.48,0.0
54,159,230.76,food,debit,2024-04-07 11:07:00,2023-02-11 11:07:00,desktop,0.0,3.0,160.17,0.0
55,113,18.39,entertainment,debit,2024-06-05 10:45:00,2023-12-02 10:45:00,mobile,1.0,2.0,170.47,1.0
56,108,29.89,utilities,debit,2024-04-10 05:41:00,2021-09-24 05:41:00,mobile,0.0,0.0,128.69,0.0
57,189,0.54,travel,debit,2024-03-30 23:53:00,2023-04-01 23:53:00,mobile,0.0,4.0,154.75,0.0
58,152,24.82,entertainment,debit,2024-03-26 04:32:00,2021-08-14 04:32:00,mobile,0.0,2.0,192.41,
59,229,128.17,utilities,debit,2024-05-16 19:34:00,2022-09-17 19:34:00,desktop,0.0,2.0,144.53,0.0
60,183,186.33,entertainment,debit,2030-12-31 23:59:00,2023-02-07 15:20:00,desktop,0.0,,116.24,0.0
61,191,316.26,entertainment,debit,2024-06-23 20:49:00,2023-01-17 20:49:00,desktop,0.0,1.0,88.81,0.0
62,210,22.57,entertainment,credit,2024-01-16 15:53:00,2022-06-15 15:53:00,desktop,0.0,3.0,130.46,0.0
63,287,380.4,food,debit,2024-04-17 22:38:00,2021-11-08 22:38:00,mobile,0.0,0.0,91.26,0.0
64,298,274.06,travel,debit,2024-01-31 13:56:00,2022-02-08 13:56:00,mobile,0.0,0.0,131.13,0.0
65,271,105.02,saas,debit,2024-04-13 02:01:00,2023-09-30 02:01:00,desktop,0.0,2.0,126.74,0.0
66,107,540.43,foood,debit,2024-04-09 05:07:00,2021-11-10 05:07:00,desktop,0.0,5.0,190.21,0.0
67,274,940.55,utilities,debit,2024-02-18 15:01:00,2023-11-12 15:01:00,desktop,0.0,1.0,153.67,0.0
68,134,27143.94,entertainment,debit,2024-03-15 10:45:00,2022-07-19 10:45:00,desktop,0.0,3.0,277.36,0.0
69,180,95.36,utilities,debit,2024-05-18 08:26:00,2021-09-07 08:26:00,desktop,0.0,1.0,49.32,0.0
70,263,521.96,food,debit,2024-04-21 22:55:00,2024-03-30 22:55:00,mobile,1.0,0.0,165.67,0.0
71,149,255.74,food,credit,2024-04-21 10:57:00,2023-01-27 10:57:00,mobile,0.0,4.0,127.42,0.0
72,203,9.86,payroll,credit,2024-03-02 06:09:00,2023-09-12 06:09:00,mobile,0.0,1.0,102.2,0.0
73,231,304.21,travl,credit,2024-02-22 04:19:00,2023-02-04 04:19:00,desktop,0.0,3.0,148.51,0.0
74,101,351.98,payroll,debit,2024-06-13 02:24:00,2024-01-31 02:24:00,desktop,0.0,0.0,,0.0
75,233,277.66,travel,debit,2024-01-04 17:28:00,2022-11-04 17:28:00,desktop,0.0,1.0,203.89,0.0
76,153,321.43,utilities,debit,2024-04-04 05:33:00,2024-03-10 05:33:00,desktop,0.0,0.0,154.56,0.0
77,205,348.75,travel,debit,2024-02-10 20:29:00,2022-09-25 20:29:00,mobile,0.0,3.0,115.36,0.0
78,103,41.26,  food  ,debit,2024-03-30 14:36:00,2023-09-27 14:36:00,mobile,0.0,1.0,166.71,0.0
79,153,53.76,travel,debit,2024-05-12 21:26:00,2024-02-17 21:26:00,desktop,1.0,1.0,138.52,1.0
80,290,200.89,travel,debit,2024-01-11 05:19:00,2022-06-23 05:19:00,mobile,0.0,3.0,93.73,0.0
81,245,476.9,travel,debit,2024-01-21 07:07:00,2021-12-19 07:07:00,,0.0,-3.0,137.57,1.0
82,143,76.02,food,debit,2024-03-16 23:50:00,2023-10-24 23:50:00,desktop,,6.0,161.55,0.0
83,261,177.5,entertainment,debit,2024-04-06 06:38:00,2021-11-25 06:38:00,desktop,0.0,4.0,153.61,0.0
84,289,229.76,travel,debit,2024-01-09 13:06:00,2021-07-13 13:06:00,desktop,0.0,1.0,166.52,0.0
85,113,120.28,payroll,credit,2024-02-07 09:02:00,2022-03-30 09:02:00,desktop,0.0,1.0,123.68,0.0
86,194,250.2,food,debit,2024-01-17 16:42:00,2022-12-01 16:42:00,desktop,0.0,3.0,165.88,0.0
87,147,459.85,travel,debit,2024-04-11 11:58:00,2023-08-31 11:58:00,desktop,0.0,2.0,156.01,0.0
88,114,195.69,entertainment,debit,2024-04-13 02:19:00,2023-09-06 02:19:00,mobile,0.0,-3.0,,0.0
89,299,155.21,food,debit,2024-04-19 19:14:00,2023-10-23 19:14:00,mobile,0.0,2.0,151.62,0.0
90,289,,saas,debit,2024-03-03 02:24:00,2022-06-11 02:24:00,desktop,0.0,0.0,258.8,0.0
91,139,172.31,entertainment,debit,2024-05-06 20:50:00,2023-02-28 20:50:00,mobile,0.0,2.0,205.51,0.0
92,181,87.81,payroll,debit,2024-06-03 22:42:00,2023-09-12 22:42:00,desktop,1.0,4.0,164.77,0.0
93,210,99.35,travel,debit,2024-04-13 17:55:00,2021-09-02 17:55:00,desktop,0.0,3.0,109.99,0.0
94,152,-2017.96,saas,debit,2024-01-13 12:19:00,2022-11-10 12:19:00,desktop,0.0,2.0,,0.0
95,123,13.79,saas,debit,,2022-05-01 09:06:00,desktop,0.0,1.0,230.79,0.0
96,253,52.02,food,debit,2024-01-29 09:03:00,2022-12-09 09:03:00,mobile,0.0,1.0,9274.95,0.0
97,287,156.55,saas,debit,2024-06-24 00:25:00,2023-03-29 00:25:00,desktop,1.0,0.0,141.71,0.0
98,223,112.96,payroll,debit,2024-03-18 02:23:00,2022-03-22 02:23:00,mobile,0.0,0.0,,0.0
99,140,80.94,payroll,credit,2024-04-08 03:55:00,2023-09-24 03:55:00,desktop,0.0,3.0,168.39,0.0
100,256,262.27,utilities,debit,,2022-10-07 17:11:00,desktop,0.0,0.0,,0.0
101,114,236.65,payroll,debit,2024-02-02 15:19:00,2023-12-11 15:19:00, desktop ,0.0,3.0,158.84,0.0
102,144,36.48,entertainment,debit,2024-02-13 14:20:00,2022-10-21 14:20:00,mobile,0.0,,129.28,0.0
103,164,421.78,saas,debit,2024-01-16 21:48:00,2022-10-30 21:48:00,desktop,0.0,0.0,215.73,0.0
104,188,136.81,payroll,debit,2024-05-13 18:56:00,2023-06-18 18:56:00,desktop,0.0,,115.69,0.0
105,170,,food,debit,,2023-07-21 16:38:00,desktop,0.0,0.0,198.88,0.0
106,108,170.26,utilities,credit,2024-03-19 11:22:00,2022-01-02 11:22:00,mobile,0.0,2.0,120.74,0.0
107,187,1214.33,saas,debit,2024-05-05 21:37:00,2021-11-27 21:37:00,mobile,1.0,2.0,107.31,1.0
108,228,279.19,utilities,debit,2024-04-27 09:04:00,2022-03-06 09:04:00,mobile,0.0,3.0,114.96,0.0
109,235,245.5,saas,debit,2024-03-10 22:26:00,2021-07-17 22:26:00,desktop,0.0,5.0,64.43,0.0
110,162,301.53,food,debit,2024-04-27 04:15:00,2021-10-15 04:15:00,mobile,0.0,1.0,171.93,0.0
111,238,30.89,utilities,debit,2024-03-25 17:39:00,2023-11-23 17:39:00,desktop,0.0,0.0,91.8,0.0
112,180,45.77,travel,debit,2024-03-17 04:28:00,2021-10-20 04:28:00,mobile,0.0,2.0,132.1,0.0
113,235,-3742.93,entertainment,debit,2024-05-13 15:33:00,2023-04-22 15:33:00,mobile,1.0,1.0,188.08,0.0
114,262,136.24,entertainment,debit,2024-05-04 07:21:00,2023-05-31 07:21:00,desktop,0.0,3.0,186.47,0.0
115,262,,saas,debit,2024-01-07 11:43:00,2021-11-20 11:43:00,mobile,1.0,5.0,,0.0
116,132,21.72,travel,credit,2024-02-22 21:33:00,2023-03-11 21:33:00,desktop,0.0,2.0,165.53,0.0
117,222,153.78,utilities,debit,2024-03-10 15:00:00,2024-02-10 15:00:00,desktop,0.0,1.0,207.02,0.0
118,104,95.23,N/A,credit,2024-04-28 15:43:00,2021-08-27 15:43:00,mobile,0.0,2.0,118.16,0.0
119,140,122.13,travel,debit,2024-04-21 06:06:00,2024-03-17 06:06:00,desktop,0.0,1.0,175.68,0.0
120,127,185.25,utilities,credit,2024-06-18 01:18:00,2023-01-17 01:18:00,desktop,0.0,1.0,92.84,0.0
121,234,139.55,food,debit,2024-05-03 17:33:00,2023-04-03 17:33:00,mobile,0.0,1.0,169.28,0.0
122,171,155.25,travel,credit,2024-02-18 05:23:00,2022-06-05 05:23:00,mobile,1.0,3.0,156.56,0.0
123,111,133.25,travel,credit,2024-06-08 20:23:00,2023-08-19 20:23:00,desktop,1.0,2.0,183.06,0.0
124,261,105.17,food,debit,2024-02-09 22:50:00,2022-06-30 22:50:00,mobile,0.0,1.0,179.96,0.0
125,132,295.58,travel,credit,2024-05-03 12:31:00,2023-05-20 12:31:00,desktop,0.0,0.0,82.33,0.0
126,147,2.46,travel,debit,2024-04-04 08:59:00,2023-11-09 08:59:00,desktop,0.0,1.0,156.83,0.0
127,250,182.48,travel,debit,2024-03-07 18:23:00,2023-12-31 18:23:00,mobile,0.0,1.0,222.65,0.0
128,161,166.72,entertainment,debit,2024-05-14 12:45:00,2021-11-22 12:45:00,,0.0,0.0,40.73,0.0
129,136,251.88,payroll,debit,2024-04-10 12:51:00,2022-11-07 12:51:00,mobile,0.0,2.0,198.35,0.0
130,198,182.77,food,debit,2024-06-11 10:20:00,2024-02-10 10:20:00,mobile,0.0,1.0,230.09,0.0
131,271,350.66,travel,debit,2024-06-18 20:09:00,2023-07-14 20:09:00,desktop,0.0,1.0,75.77,0.0
132,203,639.2,entertainment,debit,2024-06-03 12:11:00,2023-12-11 12:11:00,desktop,0.0,2.0,116.47,0.0
133,134,83.87,food,debit,2024-03-20 12:47:00,2021-10-02 12:47:00,mobile,0.0,2.0,175.89,0.0
134,292,51.59,saas,credit,2024-06-21 06:04:00,2022-07-31 06:04:00,mobile,0.0,3.0,105.69,0.0
135,200,110.19,saas,debit,2024-04-04 17:05:00,2022-08-16 17:05:00,desktop,0.0,4.0,218.23,0.0
136,274,67.92,travel,debit,2024-04-10 11:10:00,2023-01-15 11:10:00,Mobile,0.0,1.0,202.94,0.0
137,230,190.88,entertainment,debit,2024-03-18 08:02:00,2022-09-08 08:02:00,desktop,0.0,2.0,80.75,0.0
138,100,485.75,entertainment,debit,2024-06-20 04:37:00,2024-02-05 04:37:00,desktop,0.0,0.0,112.85,0.0
139,104,29.96,food,debit,2024-01-21 00:07:00,2021-09-18 00:07:00,mobile,0.0,2.0,188.49,0.0
140,241,21.25,food,debit,2024-05-19 22:15:00,2024-05-03 22:15:00,desktop,0.0,2.0,186.53,0.0
141,202,59.15,entertainment,debit,2024-05-19 05:02:00,2023-06-21 05:02:00,desktop,0.0,2.0,260.92,0.0
142,126,-4235.79,food,credit,2024-05-02 10:18:00,2023-10-20 10:18:00,mobile,0.0,2.0,106.01,0.0
143,236,,entertainment,debit,2024-02-11 08:30:00,2022-10-03 08:30:00,desktop,0.0,0.0,222.96,0.0
144,114,21.56,  payroll  ,debit,2024-05-26 15:04:00,2024-05-17 15:04:00,desktop,0.0,3.0,104.3,0.0
145,189,502.05,entertainment,debit,2024-01-03 11:18:00,2021-09-27 11:18:00,mobile,0.0,2.0,175.02,0.0
146,141,312.21,saas,debit,2024-05-23 07:40:00,2023-06-24 07:40:00,mobile,0.0,2.0,194.62,0.0
147,223,4.66,food,debit,2024-02-04 19:13:00,2023-03-08 19:13:00,mobile,0.0,3.0,10.0,0.0
148,278,210.75,entertainment,debit,2024-02-06 19:19:00,2023-03-16 19:19:00,desktop,0.0,1.0,195.56,0.0
149,162,295.02,entertainment,debit,2024-05-09 19:50:00,2024-04-24 19:50:00,desktop,1.0,0.0,219.23,0.0
150,195,93.82,food,debit,2024-04-26 06:15:00,2022-01-08 06:15:00,mobile,0.0,3.0,204.79,0.0
151,151,14.28,payroll,credit,2024-02-10 10:19:00,2022-06-06 10:19:00,mobile,1.0,0.0,252.67,0.0
152,195,16.09,payroll,credit,2024-04-25 10:58:00,2023-09-12 10:58:00,desktop,0.0,1.0,198.26,0.0
153,231,22.02,food,debit,2024-04-26 16:38:00,2023-02-26 16:38:00,mobile,0.0,5.0,123.14,0.0
154,250,367.07,utilities,debit,2024-04-24 11:21:00,2022-02-24 11:21:00,mobile,0.0,1.0,211.95,0.0
155,242,483.12,food,debit,2024-06-23 07:24:00,2023-05-12 07:24:00,mobile,0.0,1.0,120.3,0.0
156,270,26.21,food,debit,2024-06-27 16:56:00,2024-03-06 16:56:00,desktop,0.0,5.0,154.12,0.0
157,128,53.81,payroll,debit,2024-06-13 05:35:00,2021-09-20 05:35:00,desktop,0.0,5.0,191.59,1.0
158,135,36.19,payroll,debit,2024-02-06 22:58:00,2022-12-05 22:58:00,desktop,0.0,4.0,172.4,0.0
159,112,41.24,food,debit,2024-01-14 08:29:00,2024-01-13 08:29:00,desktop,0.0,2.0,217.56,0.0
160,259,363.4,food,,2024-02-22 05:29:00,2023-06-01 05:29:00,desktop,0.0,0.0,274.43,0.0
161,170,80.74,food,debit,2024-01-20 08:37:00,2022-09-16 08:37:00,desktop,0.0,1.0,93.13,0.0
162,286,74.63,payroll,credit,2024-05-11 07:13:00,2023-10-16 07:13:00,NA,0.0,5.0,133.58,0.0
163,185,51.6,food,credit,2024-03-08 10:57:00,2022-06-25 10:57:00,desktop,0.0,3.0,165.82,0.0
164,127,187.24,food,,2024-01-27 10:44:00,2022-02-14 10:44:00,desktop,0.0,0.0,126.84,0.0
165,165,95.38,travel,debit,2024-02-26 19:00:00,2021-07-19 19:00:00,mobile,1.0,1.0,,1.0
166,269,272.71,utilities,credit,2024-06-04 12:44:00,2023-06-01 12:44:00,desktop,1.0,1.0,188.79,0.0
167,144,46.03,saas,debit,2024-04-12 16:38:00,2021-08-01 16:38:00,desktop,0.0,,182.15,0.0
168,161,310.04,utilities,debit,2024-06-01 13:47:00,2023-07-31 13:47:00,mobile,0.0,4.0,162.37,
169,284,185.13,travel,debit,2024-06-16 12:49:00,2024-06-04 12:49:00,mobile,1.0,2.0,157.39,0.0
170,233,24.27,saas,debit,2024-01-26 17:14:00,2023-02-15 17:14:00,mobile,0.0,1.0,138.81,0.0
171,127,107.06,food,debit,2024-04-29 00:29:00,2023-01-20 00:29:00,desktop,0.0,1.0,220.23,0.0
172,127,398.31,travel,credit,2024-02-08 12:28:00,2022-03-10 12:28:00,mobile,1.0,3.0,233.17,0.0
173,207,512.69,food,credit,2024-04-14 06:46:00,2022-06-18 06:46:00,desktop,0.0,2.0,200.94,1.0
174,143,125.36,payroll,debit,2024-05-11 03:48:00,2023-01-03 03:48:00,desktop,0.0,3.0,92.53,0.0
175,183,131.11,entertainment,debit,2024-01-08 08:29:00,2023-01-05 08:29:00,desktop,0.0,2.0,,0.0
176,129,501.32,travel,credit,2024-02-09 17:41:00,2021-10-16 17:41:00,desktop,0.0,1.0,,0.0
177,289,176.89,payroll,debit,2024-06-26 17:27:00,2021-12-02 17:27:00,mobile,1.0,0.0,102.97,0.0
178,174,6.68,travel,credit,2024-01-02 03:37:00,2022-11-08 03:37:00,mobile,0.0,4.0,153.95,0.0
179,227,487.79,travel,debit,2024-03-09 06:20:00,2021-10-02 06:20:00,desktop,0.0,5.0,151.11,0.0
180,191,57.06,payroll,debit,2024-03-22 09:49:00,2022-01-21 09:49:00,mobile,0.0,3.0,204.21,0.0
181,289,172.38,saas,debit,2024-01-28 10:51:00,2023-08-10 10:51:00,desktop,0.0,0.0,,0.0
182,228,36.19,utilities,debit,2024-02-06 06:27:00,2023-09-25 06:27:00,desktop,0.0,1.0,,0.0
183,220,6.89,food,debit,2024-01-03 04:44:00,2021-05-13 04:44:00,desktop,0.0,4.0,102.13,0.0
184,126,74.64,travel,debit,2024-03-05 15:18:00,2023-01-03 15:18:00,mobile,1.0,3.0,109.11,0.0
185,289,303.28,food,debit,2024-05-29 08:05:00,2024-05-04 08:05:00,desktop,0.0,2.0,131.03,0.0
186,220,65.03,entertainment,debit,2024-01-29 15:27:00,2022-08-17 15:27:00,desktop,0.0,2.0,152.39,0.0
187,215,49.72,payroll,debit,2024-06-12 06:33:00,2023-12-05 06:33:00,mobile,0.0,2.0,29.17,0.0
188,102,47.82,  food  ,credit,2024-04-14 15:13:00,2023-11-25 15:13:00,mobile,0.0,4.0,172.96,0.0
189,202,144.79,payroll,credit,2024-06-05 06:38:00,2022-11-28 06:38:00,mobile,1.0,1.0,235.47,0.0
190,297,742.15,food,debit,2024-02-05 03:19:00,2021-10-12 03:19:00,mobile,0.0,0.0,182.56,0.0
191,299,122.86,utilities,credit,2024-05-20 16:57:00,2022-03-16 16:57:00,desktop,0.0,1.0,139.47,0.0
192,254,162.98,utilities,debit,2024-06-20 02:07:00,2022-09-01 02:07:00,mobile,0.0,5.0,95.77,0.0
193,236,394.13,utilities,debit,2024-04-04 04:24:00,2023-05-25 04:24:00,desktop,0.0,4.0,59.35,0.0
194,161,153.17,utilities,credit,2024-06-20 21:24:00,2023-04-03 21:24:00,mobile,0.0,1.0,67.85,0.0
195,264,40.78,utilities,debit,2024-04-07 13:29:00,2023-05-24 13:29:00,mobile,0.0,4.0,143.46,0.0
196,150,71.22,utilities,debit,2024-05-11 16:51:00,2023-02-25 16:51:00,mobile,0.0,5.0,255.35,0.0
197,271,74.19,payroll,credit,2024-06-14 16:37:00,2024-03-14 16:37:00,,1.0,0.0,14.15,0.0
198,251,101.27,travel,debit,2024-02-17 08:47:00,2023-08-22 08:47:00,mobile,0.0,1.0,185.01,0.0
199,158,111.3,food,credit,2024-02-20 00:55:00,2023-12-26 00:55:00,mobile,1.0,2.0,116.11,0.0
200,217,321.67,utilities,credit,2024-03-12 00:26:00,2023-10-09 00:26:00,desktop,0.0,1.0,133.23,0.0
201,259,85.97,payroll,debit,2024-02-24 08:30:00,2022-04-23 08:30:00,mobile,0.0,4.0,103.12,0.0
202,195,126.31,payroll,credit,2024-03-18 09:06:00,2023-11-28 09:06:00,mobile,0.0,2.0,81.63,0.0
203,279,196.15,payroll,debit,2024-06-21 20:57:00,2024-02-05 20:57:00,mobile,0.0,2.0,156.28,0.0
204,212,94.87,,debit,2024-04-03 14:34:00,2023-08-15 14:34:00,mobile,0.0,3.0,163.14,0.0
205,161,362.27,food,debit,2024-02-18 22:02:00,2021-06-01 22:02:00,desktop,0.0,1.0,183.42,0.0
206,285,177.08,travel,credit,2024-03-07 09:52:00,2022-11-25 09:52:00,mobile,0.0,1.0,,0.0
207,151,69.64,saas,debit,2024-04-28 19:43:00,2022-04-27 19:43:00,mobile,1.0,0.0,193.7,0.0
208,111,250.39,payroll,debit,2024-05-26 01:07:00,2023-01-31 01:07:00,mobile,0.0,4.0,194.59,0.0
209,138,150.01,saas,debit,2024-01-15 21:18:00,2023-11-08 21:18:00,mobile,0.0,2.0,171.22,0.0
210,229,152.91,entertainment,debit,2024-02-10 20:19:00,2021-11-18 20:19:00,desktop,1.0,1.0,128.95,1.0
211,230,131.2,utilities,debit,2024-01-31 10:56:00,2023-05-27 10:56:00,mobile,0.0,,165.42,0.0
212,212,137.44,utilities,debit,2024-04-24 08:08:00,2021-08-04 08:08:00,desktop,0.0,1.0,141.98,0.0
213,200,289.94,travel,debit,2024-01-30 02:58:00,2023-03-13 02:58:00,mobile,0.0,1.0,198.43,0.0
214,212,21.74,food,debit,2024-05-05 01:40:00,2021-10-26 01:40:00,desktop,0.0,0.0,131.67,0.0
215,283,81.4,saas,credit,2024-02-11 12:47:00,2021-08-21 12:47:00,desktop,0.0,0.0,155.4,0.0
216,180,15.7,food,debit,2024-02-04 15:17:00,2022-09-04 15:17:00,mobile,1.0,2.0,63.08,0.0
217,286,26868.44,travel,debit,2024-06-07 22:15:00,2021-10-05 22:15:00,mobile,0.0,2.0,165.26,0.0
218,212,63.57,utilities,credit,2024-01-31 04:21:00,2021-11-30 04:21:00,desktop,0.0,7.0,112.52,0.0
219,101,455.44,food,debit,2024-03-05 21:54:00,2022-12-29 21:54:00,desktop,0.0,3.0,175.62,0.0
220,229,149.55,food,credit,2024-04-29 03:01:00,2022-12-29 03:01:00,mobile,0.0,3.0,189.42,0.0
221,153,322.64,utilities,,2024-02-27 17:36:00,2022-07-01 17:36:00,desktop,0.0,5.0,119.5,0.0
222,186,771.99,saas,credit,2024-01-15 04:35:00,2022-11-12 04:35:00,desktop,0.0,3.0,151.56,0.0
223,228,366.25,utilities,debit,2024-05-29 10:29:00,2023-09-03 10:29:00,desktop,0.0,1.0,158.72,0.0
224,246,403.47,,debit,2024-04-10 21:03:00,2022-05-02 21:03:00,mobile,0.0,2.0,168.4,0.0
225,225,104.84,saas,debit,2024-02-28 20:06:00,2022-09-09 20:06:00,desktop,0.0,0.0,189.49,
226,229,160.47,unknown,,2024-06-25 21:30:00,2024-01-29 21:30:00,desktop,0.0,2.0,182.95,0.0
227,152,58.58,utilities,debit,2024-06-20 08:12:00,2024-02-23 08:12:00,desktop,0.0,3.0,131.01,0.0
228,271,43.66,food,debit,2024-04-20 00:58:00,2021-12-22 00:58:00,mobile,0.0,5.0,229.92,0.0
229,259,,travel,debit,2024-04-23 01:13:00,2023-04-22 01:13:00,mobile,0.0,2.0,187.6,0.0
230,297,180.8,food,debit,2024-02-08 01:06:00,2021-10-11 01:06:00,desktop,1.0,1.0,220.26,0.0
231,259,82.88,payroll,debit,2024-01-10 12:24:00,2023-11-05 12:24:00,mobile,0.0,3.0,167.34,0.0
232,167,168.54,entertainment,debit,2024-02-09 07:55:00,2021-06-14 07:55:00,desktop,0.0,0.0,170.29,0.0
233,282,436.89,travel,credit,2024-04-02 11:55:00,2022-01-10 11:55:00,mobile,0.0,3.0,144.14,0.0
234,283,162.71,saas,debit,2024-03-03 23:50:00,2023-02-27 23:50:00,mobile,,3.0,127.81,0.0
235,222,255.17,travel,debit,2024-06-16 07:09:00,2023-12-24 07:09:00,desktop,1.0,5.0,198.77,
236,244,327.27,TRAVEL,debit,2024-06-19 19:44:00,2022-03-11 19:44:00,mobile,0.0,2.0,163.23,0.0
237,137,897.1,saas,debit,2024-02-13 17:53:00,2022-07-05 17:53:00,mobile,1.0,0.0,143.42,0.0
238,123,184.86,travel,debit,2024-03-19 07:12:00,2022-11-10 07:12:00,mobile,0.0,1.0,98.87,0.0
239,168,328.86,,debit,2024-05-26 15:54:00,2021-09-26 15:54:00,desktop,,3.0,227.76,0.0
240,215,657.48,saas,debit,2024-06-07 17:44:00,2024-02-14 17:44:00,mobile,1.0,4.0,155.63,0.0
241,197,577.95,payroll,debit,2024-04-18 16:08:00,2023-12-29 16:08:00,mobile,0.0,4.0,88.66,1.0
242,297,30.42,food,debit,2024-04-02 06:46:00,2022-03-03 06:46:00,desktop,0.0,3.0,154.07,0.0
243,238,104.31,food,credit,2024-02-24 12:57:00,2022-12-12 12:57:00,mobile,0.0,1.0,139.95,0.0
244,243,78.31,entertainment,credit,2024-02-04 21:38:00,2022-02-19 21:38:00,mobile,1.0,0.0,137.9,0.0
245,196,18.19,entertainment,debit,2024-04-12 11:40:00,2023-11-17 11:40:00,mobile,1.0,2.0,178.81,1.0
246,223,200.61,payroll,credit,2030-12-31 23:59:00,2024-01-25 03:26:00,mobile,0.0,3.0,140.02,0.0
247,286,266.29,entertainment,debit,2030-12-31 23:59:00,2021-08-30 19:48:00,mobile,1.0,2.0,134.73,0.0
248,169,376.94,travel,debit,2024-03-19 23:10:00,2023-05-15 23:10:00,desktop,0.0,1.0,218.12,0.0
249,192,26.2,utilities,debit,2024-01-25 18:59:00,2022-08-05 18:59:00,desktop,0.0,3.0,63.02,0.0
250,102,418.21,utilities,debit,2024-02-02 04:15:00,2022-01-13 04:15:00,mobile,0.0,1.0,147.43,0.0
251,247,,utilities,debit,2024-02-02 12:06:00,2024-01-19 12:06:00,mobile,0.0,3.0,196.44,
252,286,243.44,payroll,debit,2024-02-24 01:33:00,2023-02-15 01:33:00,mobile,0.0,3.0,181.35,0.0
253,263,482.98,payroll,debit,2024-05-15 07:20:00,2022-11-05 07:20:00,desktop,0.0,4.0,201.0,0.0
254,246,196.04,saas,debit,2024-01-25 19:39:00,2022-11-23 19:39:00,desktop,0.0,2.0,251.08,0.0
255,189,81.85,utilities,debit,2024-01-25 03:45:00,2022-01-27 03:45:00,mobile,0.0,1.0,234.95,0.0
256,294,348.72,  travel  ,debit,2024-04-23 05:32:00,2023-09-03 05:32:00,mobile,0.0,3.0,92.22,0.0
257,246,90.22,entertainment,debit,2024-06-02 01:27:00,2022-06-28 01:27:00,desktop,0.0,1.0,69.46,0.0
258,247,6.97,travel,debit,2024-06-09 23:11:00,2022-11-24 23:11:00,mobile,0.0,5.0,166.34,0.0
259,195,355.16,entertainment,credit,2024-06-05 18:54:00,2021-11-09 18:54:00,desktop,0.0,2.0,82.29,0.0
260,298,84.68,utilities,credit,2024-02-29 00:56:00,2021-09-25 00:56:00,desktop,0.0,3.0,53.68,0.0
261,151,297.3,utilities,debit,2024-04-02 03:21:00,2022-04-07 03:21:00,mobile,0.0,0.0,165.81,0.0
262,260,90.12,utilities,credit,2024-02-16 00:13:00,2022-04-24 00:13:00,desktop,1.0,1.0,178.35,0.0
263,267,394.75,payroll,debit,2024-05-30 09:13:00,2023-03-17 09:13:00,mobile,0.0,4.0,235.56,0.0
264,227,49.57,entertainment,debit,2024-03-04 06:48:00,2022-10-19 06:48:00,mobile,0.0,1.0,188.42,0.0
265,138,734.19,payroll,debit,2024-04-20 13:33:00,2023-07-20 13:33:00,mobile,1.0,5.0,245.98,0.0
266,181,302.61,payroll,debit,2024-04-21 20:41:00,2021-12-23 20:41:00,mobile,0.0,0.0,167.78,0.0
267,203,24.26,food,credit,2024-03-29 14:21:00,2024-01-13 14:21:00,mobile,1.0,2.0,93.19,0.0
268,228,166.84,travel,debit,2024-03-18 01:26:00,2023-01-04 01:26:00,mobile,0.0,4.0,191.11,0.0
269,110,844.9,travel,debit,2024-04-05 17:34:00,2022-04-04 17:34:00,desktop,0.0,2.0,216.72,0.0
270,284,127.38,saas,debit,2024-06-03 23:04:00,2022-01-25 23:04:00,desktop,0.0,2.0,169.55,0.0
271,277,40.2,payroll,debit,,2021-07-27 23:52:00,desktop,0.0,2.0,222.53,0.0
272,250,132.63,entertainment,credit,2024-04-19 00:45:00,2022-05-21 00:45:00,desktop,3.0,1.0,143.84,0.0
273,258,143.68,food,debit,2024-02-23 13:54:00,2023-05-10 13:54:00,mobile,0.0,2.0,177.29,0.0
274,141,270.72,food,debit,2024-04-06 18:59:00,2021-10-04 18:59:00,desktop,0.0,1.0,,0.0
275,198,69641.77,travel,debit,2024-06-04 01:19:00,2022-12-12 01:19:00,desktop,1.0,2.0,268.95,1.0
276,106,103.02,payroll,debit,2024-06-13 18:41:00,2022-01-04 18:41:00,desktop,0.0,2.0,192.06,0.0
277,243,49.19,saas,debit,2024-03-16 04:57:00,2022-04-24 04:57:00,mobile,0.0,0.0,94.16,
278,189,207.16,payroll,debit,2024-05-23 17:06:00,2023-09-13 17:06:00,desktop,0.0,3.0,242.63,0.0
279,211,109.53,utilities,debit,2024-01-27 15:06:00,2023-09-23 15:06:00,mobile,0.0,2.0,113.34,0.0
280,159,28.38,payroll,debit,2024-03-18 20:58:00,2023-09-23 20:58:00,desktop,1.0,0.0,150.68,0.0
281,212,461.66,utilities,credit,2024-02-05 06:12:00,2023-12-30 06:12:00,mobile,0.0,3.0,,0.0
282,101,,utilities,credit,2024-05-21 01:56:00,2023-04-07 01:56:00,mobile,0.0,,177.5,0.0
283,228,229.89,saas,debit,2024-01-28 21:09:00,2022-05-27 21:09:00,desktop,0.0,4.0,174.19,0.0
284,147,345.85,entertainment,debit,2024-03-01 05:00:00,2022-06-30 05:00:00,mobile,0.0,0.0,93.35,0.0
285,239,150.86,travel,,2024-04-20 03:18:00,2023-12-15 03:18:00,mobile,1.0,,174.35,1.0
286,296,337.54,  payroll  ,debit,2024-03-08 04:38:00,2022-11-11 04:38:00,desktop,0.0,2.0,205.03,0.0
287,136,137.87,utilities,debit,2024-05-30 13:04:00,2023-12-14 13:04:00,desktop,0.0,2.0,203.59,0.0
288,259,13.91,payroll,debit,2024-03-30 04:47:00,2022-08-16 04:47:00,desktop,1.0,3.0,84.91,0.0
289,108,103.92,entertainment,debit,2024-05-18 13:49:00,2023-07-29 13:49:00,mobile,1.0,2.0,117.22,0.0
290,198,137.62,travel,debit,2024-01-04 22:55:00,2021-09-11 22:55:00,mobile,0.0,2.0,97.77,0.0
291,246,254.74,entertainment,debit,2024-01-28 04:49:00,2022-04-30 04:49:00,mobile,0.0,1.0,166.99,0.0
292,147,22.54,travel,debit,2024-02-03 07:07:00,2023-02-25 07:07:00,desktop,0.0,0.0,72.42,0.0
293,230,30.17,food,debit,2024-05-03 19:36:00,2023-06-28 19:36:00,mobile,0.0,1.0,93.86,0.0
294,247,61.22,travel,debit,2024-02-01 20:25:00,2022-04-10 20:25:00,mobile,1.0,3.0,116.74,0.0
295,251,61.99,saas,debit,2024-04-18 18:25:00,2022-11-07 18:25:00,mobile,0.0,1.0,60.16,0.0
296,153,263.49,entertainment,debit,2024-03-13 13:41:00,2022-09-20 13:41:00,mobile,0.0,2.0,148.61,0.0
297,219,57.73,utilities,debit,2024-02-11 22:50:00,2022-12-19 22:50:00,mobile,,0.0,44.68,1.0
298,260,200.53,food,debit,2024-03-13 01:14:00,2022-12-25 01:14:00,mobile,0.0,0.0,174.27,0.0
299,251,136.35,saas,debit,2024-03-04 02:55:00,2022-04-19 02:55:00,mobile,0.0,1.0,130.15,0.0
300,215,170.33,payroll,debit,2024-04-18 06:08:00,2022-10-08 06:08:00,desktop,0.0,1.0,118.8,0.0
301,174,364.16,entertainment,credit,2024-05-09 05:38:00,2022-01-20 05:38:00,,0.0,4.0,126.96,0.0
302,212,103.63,utilities,debit,2024-02-05 05:05:00,2023-06-14 05:05:00,desktop,0.0,2.0,146.98,0.0
303,299,294.73,travel,debit,2024-05-14 00:34:00,2023-03-02 00:34:00,mobile,0.0,3.0,179.64,0.0
304,263,109.65,utilities,debit,2024-03-21 08:20:00,2023-08-20 08:20:00,mobile,0.0,0.0,215.85,0.0
305,265,87.35,payroll,debit,2024-02-21 07:54:00,2023-11-28 07:54:00,desktop,0.0,1.0,200.7,0.0
306,203,637.03,food,debit,2024-01-02 07:21:00,2021-10-30 07:21:00,mobile,0.0,2.0,261.58,1.0
307,183,40.76,food,debit,2024-04-28 11:59:00,2022-04-15 11:59:00,desktop,0.0,2.0,183.76,0.0
308,211,18.94,entertainment,debit,2024-02-02 21:25:00,2023-11-09 21:25:00,mobile,0.0,6.0,157.02,0.0
309,198,294.79,food,credit,2024-06-28 20:40:00,2021-12-20 20:40:00,mobile,0.0,3.0,127.15,0.0
310,252,14.14,entertainment,debit,2024-02-25 00:11:00,2022-10-24 00:11:00,desktop,0.0,2.0,128.81,0.0
311,192,362.9,entertainment,debit,2024-05-19 17:14:00,2024-03-15 17:14:00,desktop,0.0,2.0,176.95,0.0
312,245,114.96,entertainment,credit,2024-04-18 09:18:00,2022-07-12 09:18:00,desktop,1.0,2.0,,0.0
313,227,494.23,travel,debit,2024-01-29 14:38:00,2022-04-06 14:38:00,desktop,0.0,2.0,161.45,0.0
314,209,255.69,saas,credit,2024-04-16 21:03:00,2022-07-29 21:03:00,desktop,0.0,4.0,149.06,0.0
315,181,188.53,entertainment,debit,2024-03-10 21:29:00,2025-03-15 10:00:00,mobile,1.0,1.0,113.6,0.0
316,293,596.39,entertainment,credit,2024-04-12 10:51:00,2023-05-05 10:51:00,mobile,0.0,2.0,97.44,0.0
317,153,101.05,saas,debit,2024-04-23 13:15:00,2021-09-27 13:15:00,mobile,0.0,2.0,276.24,0.0
318,262,616.2,utilities,debit,2024-04-30 09:48:00,2021-12-07 09:48:00,desktop,0.0,0.0,80.17,0.0
319,288,29.01,entertainment,debit,2024-06-06 18:43:00,2021-11-30 18:43:00,desktop,1.0,2.0,146.61,0.0
320,268,132.23,travel,debit,2024-05-15 19:18:00,2023-05-29 19:18:00,desktop,0.0,3.0,211.13,0.0
321,260,62.92,food,debit,2024-04-05 02:29:00,2023-10-30 02:29:00,desktop,0.0,5.0,176.45,0.0
322,167,155.24,food,debit,2024-01-28 11:13:00,2022-06-18 11:13:00,desktop,0.0,1.0,126.32,0.0
323,132,45769.34,payroll,debit,2024-06-19 06:49:00,2023-02-14 06:49:00,desktop,1.0,0.0,90.39,0.0
324,241,57434.16,payroll,debit,2024-04-04 10:34:00,2022-06-16 10:34:00,mobile,0.0,2.0,156.49,0.0
325,120,374.69,food,debit,2024-03-26 06:18:00,2021-11-22 06:18:00,mobile,0.0,2.0,18.02,0.0
326,147,621.27,food,debit,2024-03-22 06:18:00,2022-12-15 06:18:00,mobile,0.0,0.0,158.49,0.0
327,247,33.61,travel,credit,2024-04-04 06:38:00,2023-08-23 06:38:00,mobile,0.0,2.0,151.74,0.0
328,227,195.28,saas,debit,2024-01-23 18:06:00,2021-07-20 18:06:00,mobile,0.0,6.0,203.51,0.0
329,235,128.58,payroll,credit,2024-05-26 12:55:00,2023-07-18 12:55:00,desktop,0.0,0.0,92.83,0.0
330,234,84.44,saas,debit,2024-01-23 05:26:00,2022-05-18 05:26:00,desktop,1.0,0.0,133.83,0.0
331,294,86.63,travel,debit,2024-01-22 19:42:00,2021-07-17 19:42:00,desktop,0.0,,171.85,0.0
332,244,106.48,food,debit,2024-03-21 23:10:00,2021-11-13 23:10:00,desktop,0.0,7.0,160.28,0.0
333,227,244.11,entertainment,debit,2024-01-09 11:25:00,2021-10-18 11:25:00,desktop,0.0,1.0,82.87,
334,132,182.4,saas,debit,2024-05-31 03:42:00,2021-11-03 03:42:00,desktop,0.0,1.0,117.62,0.0
335,275,123.12,food,debit,2024-04-17 08:39:00,2023-01-07 08:39:00,mobile,0.0,3.0,220.0,0.0
336,286,15.79,food,debit,2024-06-17 10:35:00,2024-03-21 10:35:00,desktop,0.0,2.0,162.97,0.0
337,214,16.19,utilities,credit,2024-04-13 19:55:00,2021-11-12 19:55:00,desktop,0.0,1.0,66.79,0.0
338,218,0.47,saas,debit,2024-04-12 11:56:00,2023-06-14 11:56:00,desktop,0.0,2.0,194.16,0.0
339,121,686.53,entertainment,debit,2024-03-21 21:17:00,2022-05-11 21:17:00,desktop,0.0,4.0,70.04,0.0
340,257,1.05,saas,debit,2024-01-20 14:02:00,2022-11-11 14:02:00,mobile,1.0,2.0,134.65,0.0
341,137,21.76,food,debit,2024-05-16 13:04:00,2022-07-04 13:04:00,mobile,1.0,3.0,178.16,0.0
342,208,75.55,entertainment,debit,2024-05-03 01:34:00,2023-12-20 01:34:00,desktop,0.0,2.0,210.69,0.0
343,150,329.46,travel,debit,2024-02-12 20:12:00,2023-12-24 20:12:00,mobile,0.0,4.0,33.1,0.0
344,281,654.55,utilities,debit,2024-05-28 05:36:00,2023-03-23 05:36:00,mobile,0.0,3.0,185.58,0.0
345,107,312.14,food,debit,2024-01-15 11:35:00,2023-02-09 11:35:00,desktop,1.0,2.0,193.09,0.0
346,126,234.6,payroll,debit,2024-05-29 04:19:00,2023-06-17 04:19:00,desktop,0.0,1.0,122.15,0.0
347,126,147.34,unknown,credit,2024-05-12 22:44:00,2022-08-05 22:44:00,desktop,1.0,1.0,154.55,0.0
348,120,18.14,utilities,credit,2024-01-18 10:15:00,2023-02-05 10:15:00,desktop,0.0,2.0,10.0,0.0
349,129,634.83,travel,,2024-04-27 21:56:00,2022-07-18 21:56:00,desktop,1.0,2.0,12.6,0.0
350,196,284.09,food,debit,2024-02-04 04:41:00,2023-06-04 04:41:00,mobile,1.0,2.0,205.43,0.0
351,127,203.75,saas,debit,2024-03-12 14:39:00,2023-11-24 14:39:00,desktop,1.0,0.0,123.06,0.0
352,210,284.62,utilities,credit,2024-02-06 02:43:00,2021-11-03 02:43:00,desktop,0.0,0.0,132.69,0.0
353,291,257.55,travel,debit,,2022-03-11 12:11:00,desktop,0.0,2.0,161.73,0.0
354,296,202.8,saas,debit,2024-03-06 20:37:00,2022-09-20 20:37:00,mobile,0.0,1.0,131.7,0.0
355,160,788.26,payroll,debit,2024-06-03 21:48:00,2024-03-05 21:48:00,desktop,0.0,4.0,127.07,1.0
356,147,467.36,payroll,debit,2024-06-07 16:46:00,2023-08-16 16:46:00,desktop,0.0,3.0,169.72,0.0
357,246,208.07,saas,debit,2024-03-06 11:23:00,2023-11-15 11:23:00,desktop,0.0,0.0,75.22,0.0
358,103,236.3,utilities,debit,2024-04-12 02:44:00,2022-01-20 02:44:00,mobile,0.0,4.0,208.0,0.0
359,134,10.59,payroll,debit,2024-03-26 23:25:00,2022-08-15 23:25:00,desktop,0.0,,138.49,0.0
360,291,221.68,food,debit,2024-03-06 04:06:00,2023-09-11 04:06:00,desktop,0.0,2.0,99.72,0.0
361,148,9.03,entertainment,debit,2024-01-16 22:07:00,2023-02-07 22:07:00,desktop,0.0,1.0,92.99,0.0
362,116,177.47,saas,debit,2024-03-24 17:49:00,2022-06-03 17:49:00,mobile,1.0,0.0,152.13,0.0
363,271,1468.79,saas,debet,2024-03-21 07:37:00,2023-12-11 07:37:00,desktop,0.0,4.0,134.68,0.0
364,257,162.3,payroll,debit,2024-02-16 06:30:00,2022-01-19 06:30:00,desktop,0.0,,72.56,0.0
365,145,128.19,utilities,credit,2024-03-13 12:28:00,2022-06-23 12:28:00,desktop,0.0,2.0,119.91,0.0
366,216,75.04,food,debit,2024-03-25 17:55:00,2022-07-30 17:55:00,mobile,1.0,4.0,109.54,0.0
367,105,25.69,utilities,debit,2024-05-07 08:59:00,2023-04-02 08:59:00,desktop,0.0,3.0,213.09,0.0
368,198,262.63,travel,debit,,2024-05-12 06:20:00,desktop,0.0,1.0,156.52,0.0
369,223,42.79,travel,debit,2024-03-28 16:04:00,2021-09-03 16:04:00,desktop,0.0,0.0,228.47,0.0
370,136,24.5,entertainment,debit,2024-06-01 17:32:00,2021-10-13 17:32:00,mobile,0.0,1.0,114.5,0.0
371,123,109.55,payroll,debit,2024-05-30 21:22:00,2022-12-10 21:22:00,,0.0,3.0,135.44,0.0
372,192,317.28,payroll,credit,2024-02-18 06:38:00,2025-03-15 10:00:00,desktop,1.0,2.0,169.33,1.0
373,145,273.35,payroll,debit,2024-05-02 11:15:00,2022-12-21 11:15:00,mobile,1.0,0.0,180.21,0.0
374,280,11.29,entertainment,debit,2024-02-26 11:26:00,2023-05-05 11:26:00,mobile,0.0,,186.05,0.0
375,194,121.45,travel,debit,2024-04-09 11:57:00,2023-11-27 11:57:00,mobile,0.0,3.0,105.61,0.0
376,198,147.81,utilities,debit,2024-03-24 12:03:00,2023-04-28 12:03:00,desktop,0.0,1.0,107.02,0.0
377,287,206.87,entertainment,debit,2024-06-02 10:26:00,2023-09-27 10:26:00,desktop,0.0,3.0,132.23,0.0
378,215,210.06,entertainment,debit,2024-01-09 20:28:00,2022-07-08 20:28:00,mobile,0.0,1.0,224.05,0.0
379,290,90.73,utilities,debit,2024-04-15 16:09:00,2021-10-26 16:09:00,mobile,0.0,4.0,99.97,0.0
380,259,164.5,payroll,debit,2024-04-03 04:04:00,2021-09-05 04:04:00,mobile,1.0,,123.65,0.0
381,260,131.19,food,debit,2024-02-07 00:31:00,2023-11-24 00:31:00,desktop,1.0,,186.49,0.0
382,166,432.56,utilities,debit,2024-01-16 18:12:00,2022-04-02 18:12:00,desktop,0.0,0.0,183.82,0.0
383,227,151.12,travel,debit,2024-03-27 18:34:00,2021-12-14 18:34:00,mobile,0.0,3.0,177.77,-1
384,117,116.33,saas,debit,2024-04-17 14:14:00,2023-11-01 14:14:00,mobile,0.0,1.0,154.04,0.0
385,124,103.67,saas,credit,2024-03-31 07:15:00,2022-02-19 07:15:00,mobile,0.0,1.0,96.74,0.0
386,153,169.93,entertainment,debit,2024-06-02 19:08:00,2023-01-16 19:08:00,mobile,0.0,,115.46,0.0
387,157,325.9,saas,debit,2024-02-25 05:07:00,2021-09-23 05:07:00,desktop,0.0,,206.32,0.0
388,166,154.61,food,debit,2024-02-25 15:52:00,2023-03-07 15:52:00,,1.0,0.0,188.68,0.0
389,203,216.74,payroll,debit,2024-05-19 23:01:00,2023-10-07 23:01:00,desktop,0.0,4.0,-367.66,
390,273,267.77,travel,debit,,2022-03-11 10:06:00,mobile,0.0,,193.47,0.0
391,123,146.86,food,debit,2024-06-03 10:11:00,2022-12-20 10:11:00,mobile,0.0,3.0,215.44,0.0
392,213,111.31,travel,credit,2024-01-03 18:09:00,2023-08-10 18:09:00,mobile,0.0,2.0,152.69,1.0
393,131,418.57,travel,debit,2024-01-25 19:33:00,2021-06-09 19:33:00,mobile,0.0,2.0,171.31,0.0
394,274,108.09,payroll,debit,2024-02-18 12:15:00,2023-06-22 12:15:00,mobile,0.0,1.0,200.57,1.0
395,185,123.96,entertainment,debit,2024-01-29 23:43:00,2021-08-28 23:43:00,desktop,0.0,1.0,115.21,0.0
396,250,927.98,saas,credit,2024-03-31 09:53:00,2021-10-20 09:53:00,mobile,0.0,2.0,266.48,0.0
397,293,0.05,payroll,debit,2024-04-28 17:08:00,2023-05-20 17:08:00,mobile,0.0,1.0,211.15,0.0
398,226,41.03,food,debit,2024-03-15 14:45:00,2022-02-25 14:45:00,mobile,1.0,1.0,,0.0
399,254,96.89,entertainment,debit,2024-01-15 02:43:00,2023-12-11 02:43:00,desktop,0.0,0.0,148.27,0.0
400,229,539.39,food,debit,2024-01-12 09:48:00,2022-02-09 09:48:00,desktop,0.0,,-272.95,0.0
401,116,14.52,entertainment,debit,2024-01-25 00:18:00,2024-01-24 00:18:00,desktop,0.0,3.0,71.99,0.0
402,203,1.91,food,debit,2024-03-01 01:26:00,2021-06-09 01:26:00,desktop,0.0,3.0,254.1,0.0
403,260,10.82,payroll,debit,2024-06-15 10:09:00,2024-01-14 10:09:00,mobile,0.0,2.0,206.44,0.0
404,236,18.54,entertainment,debit,2024-02-14 13:00:00,2022-12-12 13:00:00,mobile,1.0,0.0,223.2,0.0
405,142,7.66,entertainment,debit,2024-06-27 18:50:00,2021-11-25 18:50:00,mobile,1.0,2.0,151.54,0.0
406,275,130.7,travel,debit,2024-03-15 12:45:00,2022-10-24 12:45:00,desktop,0.0,4.0,131.99,0.0
407,138,173.86,travel,debit,2024-02-28 05:09:00,2023-10-25 05:09:00,mobile,0.0,3.0,116.28,0.0
408,269,63.4,utilities,credit,2024-01-05 10:04:00,2022-09-01 10:04:00,mobile,0.0,0.0,190.68,0.0
409,125,101.6,food,credit,2024-03-30 11:47:00,2022-12-04 11:47:00,desktop,0.0,1.0,124.37,0.0
410,198,19.24,travel,debit,2024-04-25 13:41:00,2023-05-16 13:41:00,desktop,0.0,3.0,140.63,0.0
411,149,90197.18,utilities,credit,2024-04-01 12:03:00,2021-10-02 12:03:00,desktop,0.0,2.0,177.32,0.0
412,252,147.85,travel,debit,2024-06-28 03:31:00,2022-06-21 03:31:00,mobile,0.0,1.0,117.03,0.0
413,251,263.56,food,debit,2024-03-07 09:18:00,2023-07-30 09:18:00,mobile,0.0,3.0,202.2,0.0
414,112,0.67,entertainment,debit,2024-05-17 04:19:00,2021-11-14 04:19:00,desktop,0.0,2.0,149.11,0.0
415,159,125.96,saas,debit,2024-05-02 21:28:00,2021-10-26 21:28:00,mobile,1.0,1.0,74.59,0.0
416,234,70.48,food,debit,2024-02-09 15:02:00,2022-02-16 15:02:00,desktop,0.0,2.0,116.5,0.0
417,156,383.22,payroll,debit,2024-06-07 13:38:00,2024-05-13 13:38:00,desktop,0.0,1.0,215.41,0.0
418,135,251.44,travel,debit,2024-05-26 09:54:00,2022-12-15 09:54:00,mobile,0.0,2.0,103.15,0.0
419,272,177.89,travel,debit,2024-04-10 15:33:00,2023-10-11 15:33:00,desktop,0.0,0.0,194.7,0.0
420,119,64.94,entertainment,debit,2024-06-07 06:29:00,2023-01-25 06:29:00,desktop,0.0,3.0,156.08,0.0
421,164,482.34,payroll,debet,2024-06-19 00:51:00,2022-03-01 00:51:00,desktop,0.0,3.0,141.41,0.0
422,107,9.23,entertainment,debit,2024-03-02 07:42:00,2022-05-31 07:42:00,mobile,1.0,1.0,275.63,0.0
423,243,23.19,payroll,debit,2024-06-10 15:42:00,2024-04-29 15:42:00,desktop,0.0,2.0,85.79,0.0
424,241,99.39,saas,credit,2024-02-14 09:28:00,2021-08-13 09:28:00,desktop,0.0,2.0,112.99,0.0
425,214,26.58,travel,credit,2024-06-14 01:55:00,2023-02-19 01:55:00,desktop,0.0,0.0,148.83,0.0
426,242,626.61,travel,debit,2024-06-20 09:12:00,2021-12-03 09:12:00,desktop,0.0,4.0,270.79,1.0
427,191,319.89,saas,credit,2024-05-28 19:43:00,2022-01-31 19:43:00,desktop,0.0,1.0,148.94,0.0
428,197,59.95,utilities,debit,2024-01-29 17:07:00,2022-01-11 17:07:00,desktop,1.0,4.0,163.71,0.0
429,165,177.62,entertainment,credit,2024-01-03 04:01:00,2021-08-14 04:01:00,desktop,0.0,3.0,133.21,0.0
430,131,807.18,saas,,2024-02-28 04:33:00,2022-12-16 04:33:00,mobile,0.0,4.0,167.93,0.0
431,290,431.18,entertainment,debit,2024-01-20 13:24:00,2022-12-14 13:24:00,mobile,0.0,1.0,136.31,0.0
432,185,183.66,food,debit,2024-01-18 16:51:00,2022-07-21 16:51:00,desktop,0.0,1.0,184.77,0.0
433,150,,  travel  ,,2024-02-11 03:02:00,2023-03-03 03:02:00,mobile,1.0,,188.71,0.0
434,252,905.36,entertainment,debet,2024/06/15 02:19:00,2021-11-06 02:37:00,mobile,99,0.0,138.29,0.0
435,285,272.01,payroll,debit,2024-06-19 08:42:00,2024-05-05 08:42:00,desktop,0.0,1.0,93.73,0.0
436,162,13.44,entertainment,debit,2024-01-03 14:28:00,2022-03-28 14:28:00,mobile,0.0,4.0,154.68,0.0
437,289,102.69,food,debit,2024-06-08 11:33:00,2024-05-18 11:33:00,desktop,0.0,1.0,220.11,0.0
438,224,363.82,travel,debit,2024-01-19 10:33:00,2022-04-25 10:33:00,desktop,0.0,1.0,108.67,0.0
439,249,52.42,saas,credit,2024-03-21 22:27:00,2024-01-11 22:27:00,desktop,1.0,5.0,166.7,1.0
440,157,355.15,food,debit,2024-02-11 22:20:00,2021-09-30 22:20:00,desktop,0.0,3.0,89.71,0.0
441,157,25.64,travel,debit,2024-01-31 18:51:00,2021-09-10 18:51:00,desktop,0.0,,98.01,0.0
442,185,9.62,entertainment,debit,2024-06-06 17:05:00,2024-04-19 17:05:00,mobile,0.0,4.0,215.02,0.0
443,148,96.93,utilities,debit,2024-06-07 06:36:00,2023-02-02 06:36:00,desktop,1.0,2.0,184.58,0.0
444,279,7.48,utilities,debit,2024-03-24 18:17:00,2022-09-20 18:17:00,mobile,0.0,2.0,167.45,0.0
445,269,630.57,payroll,credit,2024-01-28 11:20:00,2023-04-16 11:20:00,desktop,0.0,2.0,33.91,0.0
446,169,349.98,travel,debit,2024-02-07 09:45:00,2024-01-28 09:45:00,desktop,0.0,2.0,122.36,0.0
447,114,322.66,utilities,debit,2024-05-03 10:38:00,2022-11-08 10:38:00,desktop,1.0,3.0,180.34,0.0
448,153,198.73,saas,credit,2024-02-22 17:10:00,2022-01-27 17:10:00,mobile,0.0,1.0,77.55,0.0
449,287,48.75,travel,debit,2024-04-04 06:27:00,2023-07-05 06:27:00,desktop,0.0,4.0,132.31,-1
450,200,146.07,saas,debit,2024-05-17 08:18:00,2021-10-04 08:18:00,desktop,0.0,2.0,188.33,0.0
451,107,181.9,saas,debit,2024-06-14 07:37:00,2022-10-23 07:37:00,desktop,0.0,,74.44,0.0
452,152,148.9,utilities,debit,2024-06-15 17:33:00,2022-05-21 17:33:00,desktop,0.0,2.0,66.04,0.0
453,159,60.28,travel,debit,2024-06-26 04:14:00,2023-06-11 04:14:00,mobile,1.0,2.0,75.31,0.0
454,207,144.82,  entertainment  ,debit,2024-06-28 11:11:00,2023-08-04 11:11:00,desktop,0.0,1.0,166.72,0.0
455,104,135.13,food,debit,2024-02-24 03:46:00,2022-11-02 03:46:00,mobile,0.0,1.0,122.15,0.0
456,202,1121.83,utilities,credit,2024-05-23 22:48:00,2024-05-08 22:48:00,desktop,0.0,1.0,193.9,0.0
457,295,455.45,utilities,debit,2024-01-07 23:48:00,2022-08-09 23:48:00,mobile,0.0,4.0,156.05,0.0
458,105,124.49,entertainment,debit,2024-02-07 19:40:00,2023-07-31 19:40:00,mobile,1.0,1.0,244.03,0.0
459,208,195.07,travel,debit,2024-03-10 23:26:00,2023-09-24 23:26:00,desktop,0.0,2.0,88.13,0.0
460,215,275.56,travel,,2024-02-02 05:38:00,2022-08-30 05:38:00,desktop,0.0,1.0,166.59,0.0
461,193,7.1,saas,debit,2024-01-19 04:46:00,2022-05-08 04:46:00,mobile,0.0,2.0,110.24,0.0
462,146,450.61,entertainment,debit,2024-03-30 00:20:00,2023-11-14 00:20:00,desktop,0.0,,180.01,0.0
463,198,393.4,entertainment,credit,2024-01-01 04:47:00,2023-07-31 04:47:00,desktop,0.0,2.0,156.0,0.0
464,154,122.29,travel,debit,2024-01-16 12:17:00,2022-12-24 12:17:00,desktop,0.0,2.0,100.34,0.0
465,267,99.24,saas,debit,2024-04-15 08:58:00,2023-09-19 08:58:00,nan,0.0,,142.14,0.0
466,151,63.75,utilities,debit,2024-06-20 23:47:00,2023-09-22 23:47:00,desktop,0.0,0.0,153.65,0.0
467,243,129.51,payroll,debit,2024-04-01 19:53:00,2023-11-10 19:53:00,desktop,0.0,0.0,120.03,0.0
468,112,9.08,food,debit,2024-06-19 18:09:00,2022-10-17 18:09:00,desktop,0.0,3.0,186.36,0.0
469,213,382.37,utilities,debit,2024-06-24 01:37:00,2022-01-17 01:37:00,mobile,1.0,3.0,98.45,0.0
470,223,7.21,travel,debit,2024-03-10 21:47:00,2021-12-11 21:47:00,desktop,0.0,2.0,254.55,0.0
471,205,79.81,food,debit,,2023-12-25 13:11:00,mobile,0.0,0.0,197.68,0.0
472,257,536.45,payroll,credit,2024-03-09 02:24:00,2023-07-06 02:24:00,desktop,0.0,3.0,,0.0
473,246,265.77,payroll,credit,2024-04-27 22:23:00,2023-08-10 22:23:00,mobile,0.0,1.0,292.27,0.0
474,244,66.09,  saas  ,debit,2024-05-28 00:15:00,2022-04-01 00:15:00,desktop,0.0,1.0,,
475,219,58.24,food,credit,2024-03-14 23:11:00,2023-12-26 23:11:00,desktop,0.0,2.0,180.57,0.0
476,162,1.02,saas,debit,2024-06-02 02:21:00,2022-08-14 02:21:00,mobile,0.0,3.0,,0.0
477,118,237.96,utilities,credit,2024-04-11 06:30:00,2022-07-28 06:30:00,mobile,1.0,2.0,189.87,0.0
478,191,10.0,entertainment,debit,2024-05-16 16:52:00,2022-04-07 16:52:00,mobile,0.0,2.0,224.81,0.0
479,157,152.12,entertainment,refund,2024-06-20 07:26:00,2022-10-24 07:26:00,desktop,0.0,3.0,177.45,0.0
480,282,654.68,entertainment,credit,2024-01-03 04:58:00,2022-07-27 04:58:00,desktop,0.0,6.0,202.09,1.0
481,189,23.19,food,debit,2024-01-23 02:31:00,2021-12-12 02:31:00,desktop,0.0,2.0,122.48,0.0
482,216,449.77,entertainment,credit,2024-04-02 12:48:00,2021-09-07 12:48:00,desktop,0.0,0.0,139.69,1.0
483,161,952.96,utilities,debit,2024-03-12 17:46:00,2022-06-30 17:46:00,mobile,0.0,3.0,231.91,0.0
484,122,12.7,saas,debit,2024-04-24 09:26:00,2023-05-30 09:26:00,desktop,0.0,0.0,179.84,0.0
485,226,428.96,food,debit,2024-06-25 14:12:00,2023-12-19 14:12:00,Mobile,1.0,1.0,162.42,0.0
486,236,145.17,saas,debit,2024-04-19 12:19:00,2024-01-15 12:19:00,desktop,0.0,0.0,112.34,0.0
487,239,473.99,food,debit,2024-05-07 12:22:00,2022-08-29 12:22:00,desktop,0.0,5.0,198.33,0.0
488,228,169.41,saas,debit,2024-03-18 19:05:00,2024-03-10 19:05:00,desktop,1.0,0.0,110.93,0.0
489,157,217.01,payroll,credit,2024-05-02 05:02:00,2024-02-25 05:02:00,desktop,0.0,7.0,96.19,0.0
490,221,156.96,saas,debit,2024-03-03 18:57:00,2022-10-24 18:57:00,desktop,0.0,2.0,155.75,0.0
491,100,399.75,entertainment,debit,2024-05-11 11:23:00,2023-11-02 11:23:00,mobile,1.0,4.0,29.88,0.0
492,133,264.78,payroll,credit,2024-04-25 14:54:00,2023-04-25 14:54:00,desktop,0.0,4.0,180.55,0.0
493,195,147.32,saas,credit,2024-01-09 07:44:00,2021-12-02 07:44:00,desktop,1.0,1.0,168.85,0.0
494,225,405.23,food,credit,2024-03-03 00:32:00,2022-09-29 00:32:00,desktop,0.0,2.0,132.36,0.0
495,217,56.28,food,debit,2024-05-13 15:38:00,2021-08-27 15:38:00,desktop,0.0,1.0,136.89,0.0
496,147,34.24,food,credit,2024-02-27 20:11:00,2023-11-02 20:11:00,mobile,1.0,2.0,144.03,0.0
497,188,34.97,travel,debit,2024-01-05 22:55:00,2023-04-13 22:55:00,mobile,0.0,0.0,110.54,0.0
498,216,81.3,utilities,debit,2024-01-01 05:20:00,2022-04-30 05:20:00,mobile,0.0,-3.0,159.23,0.0
499,228,54.54,food,debit,2024-06-11 12:30:00,2023-02-12 12:30:00,mobile,0.0,100.0,137.53,0.0
500,115,532.11,payroll,debit,2024-06-05 10:03:00,2023-01-13 10:03:00,mobile,1.0,2.0,155.62,1.0
501,288,22.37,food,debit,2024-04-16 01:56:00,2023-06-23 01:56:00,mobile,1.0,3.0,142.21,0.0
502,291,240.12,travel,debit,2024-05-09 20:25:00,2021-11-12 20:25:00,desktop,0.0,0.0,132.37,0.0
503,290,41.95,entertainment,debit,2024-03-02 15:34:00,2023-09-20 15:34:00,mobile,0.0,2.0,163.92,0.0
504,168,426.8,payroll,debit,2024-04-16 05:21:00,2023-04-06 05:21:00,mobile,1.0,0.0,189.05,0.0
505,121,650.46,travel,debit,2024-06-06 14:01:00,2022-08-23 14:01:00,desktop,0.0,0.0,123.76,0.0
506,192,-1597.6,entertainment,debit,2024-03-09 02:31:00,2023-06-15 02:31:00,mobile,0.0,4.0,169.77,0.0
507,294,422.51,payroll,debit,2024-05-04 23:31:00,2022-11-02 23:31:00,desktop,0.0,1.0,175.97,0.0
508,175,1.03,saas,debit,2024-06-26 03:23:00,2024-04-13 03:23:00,desktop,0.0,2.0,85.81,0.0
509,253,342.9,utilities,debit,2024-04-08 12:02:00,2022-11-17 12:02:00,mobile,0.0,0.0,198.83,0.0
510,243,51.92,utilities,debit,2024-04-28 07:53:00,2024-02-15 07:53:00,desktop,0.0,0.0,252.82,0.0
511,278,478.72,travel,credit,2024-05-30 17:14:00,2023-07-27 17:14:00,mobile,0.0,4.0,145.6,0.0
512,185,0.22,entertainment,debit,2024-03-17 07:03:00,2023-08-31 07:03:00,mobile,1.0,0.0,141.44,0.0
513,284,162.47,utilities,debit,2024-01-30 00:17:00,2023-09-22 00:17:00,desktop,0.0,2.0,139.35,0.0
514,128,282.64,entertainment,debit,2024-02-02 02:50:00,2022-01-05 02:50:00,desktop,0.0,1.0,181.03,0.0
515,168,59.87,entertainment,debit,2024-02-20 17:14:00,2021-11-18 17:14:00,mobile,0.0,2.0,175.54,0.0
516,146,42.92,travel,credit,2024-03-13 21:00:00,2022-08-19 21:00:00,desktop,0.0,2.0,70.47,0.0
517,193,17.57,travel,debit,2024-01-28 20:50:00,2021-11-28 20:50:00,desktop,0.0,2.0,106.69,0.0
518,289,79.03,,debit,2024-05-27 22:03:00,2022-09-20 22:03:00,mobile,0.0,2.0,175.37,0.0
519,296,164.13,utilities,debit,2024-05-05 06:58:00,2022-02-17 06:58:00,mobile,0.0,2.0,142.75,0.0
520,243,24.62,travel,debit,2024-04-02 18:49:00,2021-12-22 18:49:00,desktop,1.0,1.0,91.69,0.0
521,275,94.54,utilities,debit,2024-05-29 21:14:00,2023-01-28 21:14:00,mobile,0.0,1.0,,0.0
522,184,-4200.09,travel,debit,2024-01-11 13:36:00,2021-09-10 13:36:00,mobile,0.0,1.0,110.01,0.0
523,138,341.5,food,debit,2024-02-28 10:29:00,2023-09-30 10:29:00,mobile,0.0,5.0,151.79,0.0
524,199,27.5,entertainment,debit,2024-01-03 02:09:00,2022-03-05 02:09:00,mobile,1.0,3.0,141.42,0.0
525,132,66.63,travel,debit,2024-03-03 10:24:00,2023-08-10 10:24:00,mobile,0.0,2.0,96.07,1.0
526,200,3.72,payroll,credit,2024-04-21 09:19:00,2021-08-09 09:19:00,mobile,0.0,1.0,159.25,0.0
527,122,113.21,entertainment,credit,2024-04-10 21:21:00,2023-10-14 21:21:00,mobile,0.0,3.0,169.61,0.0
528,109,366.67,entertainment,debit,2024-05-04 15:55:00,2023-10-20 15:55:00,desktop,0.0,0.0,126.62,0.0
529,168,99.57,travel,debit,2024-01-11 10:29:00,2022-01-06 10:29:00,mobile,0.0,2.0,133.19,0.0
530,199,39.57,saas,debit,2024-05-17 23:25:00,2024-02-18 23:25:00,desktop,0.0,1.0,180.02,0.0
531,133,280.24,travel,debit,2024-05-26 04:35:00,2022-03-19 04:35:00,desktop,1.0,,51.24,0.0
532,279,311.0,entertainment,debit,2024-05-10 14:29:00,2023-03-03 14:29:00,desktop,1.0,1.0,107.75,0.0
533,237,38.17,payroll,credit,2024-03-11 22:51:00,2022-01-13 22:51:00,mobile,0.0,0.0,160.67,0.0
534,246,294.68,entertainment,credit,2024-03-20 11:36:00,2022-03-03 11:36:00,mobile,1.0,2.0,123.66,0.0
535,285,588.62,payroll,debit,2024-02-13 10:39:00,2023-08-14 10:39:00,desktop,0.0,,122.95,0.0
536,195,36.39,utilities,debit,2024-02-15 01:32:00,2023-07-21 01:32:00,mobile,0.0,1.0,,0.0
537,100,294.79,food,debit,2024-02-18 21:29:00,2022-10-13 21:29:00,desktop,0.0,2.0,118.33,0.0
538,168,246.59,entertainment,debit,2024-04-07 00:27:00,2023-11-29 00:27:00,mobile,0.0,1.0,248.96,0.0
539,103,128.33,travel,debit,2024-01-23 23:05:00,2022-03-29 23:05:00,mobile,1.0,3.0,62.27,0.0
540,115,11.93,utilities,debit,2024-06-17 09:11:00,2024-06-04 09:11:00,desktop,0.0,2.0,39.4,0.0
541,123,15.53,food,debit,2024-03-24 17:04:00,2022-06-29 17:04:00,desktop,yes,1.0,193.95,0.0
542,179,382.67,travel,debit,2024-03-15 13:00:00,2021-10-26 13:00:00,desktop,0.0,4.0,100.8,0.0
543,101,924.02,saas,debit,2024-01-24 11:03:00,2022-01-22 11:03:00,mobile,0.0,,101.65,0.0
544,227,225.43,travel,N/A,2024-01-24 17:12:00,2023-10-10 17:12:00,desktop,0.0,7.0,,0.0
545,259,118.1,payroll,debit,2024-02-10 19:01:00,2023-01-31 19:01:00,mobile,0.0,2.0,125.14,0.0
546,183,208.58,payroll,debit,2024-03-15 08:09:00,2022-08-11 08:09:00,mobile,0.0,4.0,195.52,0.0
547,251,180.48,saas,debit,2024-05-06 18:54:00,2022-05-30 18:54:00,mobile,1.0,3.0,,0.0
548,239,96.78,utilities,debit,2024-01-21 04:52:00,2022-02-22 04:52:00,desktop,1.0,3.0,168.13,0.0
549,277,13.58,food,debit,2024-04-13 06:45:00,2024-01-05 06:45:00,desktop,0.0,6.0,124.43,0.0
550,262,344.65,travel,debit,2024-06-08 01:51:00,2022-10-23 01:51:00,desktop,1.0,,104.01,0.0
551,223,92.99,payroll,credit,2024-06-09 03:56:00,2022-10-31 03:56:00,mobile,0.0,0.0,236.53,0.0
552,132,341.61,utilities,debit,2024-04-29 03:01:00,2021-11-25 03:01:00,mobile,0.0,3.0,205.82,0.0
553,260,58.21,saas,NULL,2024-06-25 11:36:00,2022-02-24 11:36:00,MOBILE,0.0,1.0,,0.0
554,288,0.21,entertainment,debit,2024-03-01 01:23:00,2023-08-22 01:23:00, mobile ,0.0,0.0,141.08,0.0
555,278,34.62,payroll,debit,2024-03-25 10:25:00,2023-05-05 10:25:00,mobile,0.0,,,0.0
556,270,126.43,saas,debit,2024-02-11 11:54:00,2021-06-07 11:54:00,desktop,0.0,1.0,100.59,0.0
557,200,577.57,travel,debit,2024-04-21 20:10:00,2022-04-26 20:10:00,desktop,0.0,3.0,103.29,0.0
558,111,21.56,food,debit,2024-03-01 19:52:00,2021-11-25 19:52:00,desktop,0.0,5.0,173.5,0.0
559,166,,payroll,,2024-03-06 15:43:00,2021-07-24 15:43:00,mobile,0.0,1.0,263.52,0.0
560,164,149.74,payroll,debit,2024-01-30 23:29:00,2022-10-20 23:29:00,mobile,0.0,4.0,152.69,0.0
561,260,349.65,travel,credit,2024-05-04 13:19:00,2021-11-22 13:19:00,mobile,0.0,3.0,202.49,0.0
562,267,70.87,entertainment,credit,2024-02-08 00:25:00,2023-02-06 00:25:00,mobile,0.0,2.0,99.13,0.0
563,173,366.45,utilities,credit,2024-03-17 12:08:00,2023-05-04 12:08:00,mobile,0.0,2.0,168.05,0.0
564,142,296.4,food,debit,2024-03-20 03:45:00,2023-10-28 03:45:00, desktop ,0.0,1.0,132.02,0.0
565,143,52.29,payroll,debit,2024-06-23 22:35:00,2023-06-05 22:35:00,mobile,0.0,3.0,243.33,0.0
566,128,28.16,food,debit,2024-01-04 20:23:00,2023-06-02 20:23:00,,1.0,3.0,229.93,0.0
567,240,0.0,payroll,debit,2024-05-10 04:24:00,2023-05-15 04:24:00,mobile,0.0,6.0,263.97,1.0
568,111,660.65,xxx,debit,2024-01-15 15:07:00,2023-02-25 15:07:00,desktop,0.0,2.0,115.23,0.0
569,194,6.36,saas,debit,2024-02-05 10:33:00,2024-01-21 10:33:00,desktop,0.0,,151.77,0.0
570,145,262.81,payroll,debit,2024-02-01 10:16:00,2023-06-29 10:16:00,desktop,1.0,100.0,168.76,0.0
571,229,480.54,food,debit,2024-06-02 23:05:00,2023-01-27 23:05:00,mobile,0.0,2.0,117.18,
572,134,389.49,utilities,credit,2024-06-15 06:55:00,2021-11-07 06:55:00,desktop,0.0,3.0,156.55,0.0
573,180,667.76,saas,debit,2024-06-15 18:00:00,2022-12-16 18:00:00,desktop,1.0,3.0,195.45,1.0
574,189,285.5,saas,debit,2024-05-19 04:17:00,2023-11-18 04:17:00,desktop,0.0,2.0,122.48,0.0
575,107,116.79,,debit,2024-04-16 10:23:00,2023-07-21 10:23:00,mobile,0.0,3.0,114.83,0.0
576,192,74.78,food,credit,2024-03-01 06:43:00,2021-07-30 06:43:00,desktop,0.0,2.0,,0.0
577,253,77.35,travel,debit,2024-05-21 12:54:00,2023-02-09 12:54:00,mobile,0.0,,82.81,0.0
578,189,257.78,utilities,debit,2024-03-23 12:43:00,2021-11-04 12:43:00,mobile,0.0,1.0,192.7,0.0
579,261,273.96,food,credit,2024-05-31 03:45:00,2022-09-27 03:45:00,desktop,0.0,2.0,114.72,0.0
580,214,44.72,utilities,credit,2024-01-21 03:12:00,2022-08-20 03:12:00,mobile,0.0,1.0,109.44,0.0
581,204,78495.43,utilities,debit,2030-12-31 23:59:00,2022-12-23 20:02:00,desktop,0.0,3.0,176.45,0.0
582,234,251.0,payroll,debit,2024-05-27 15:23:00,2023-02-15 15:23:00,mobile,0.0,3.0,149.47,0.0
583,295,165.45,food,debit,2024-02-03 21:23:00,2023-04-04 21:23:00,desktop,0.0,1.0,123.72,0.0
584,157,127.55,travel,debit,2024-03-17 08:55:00,2021-07-06 08:55:00,desktop,0.0,4.0,190.53,0.0
585,213,156.72,payroll,debit,2024-05-15 02:29:00,2023-12-23 02:29:00,Desktop,1.0,4.0,121.73,0.0
586,174,34.69,utilities,credit,2024-04-10 04:42:00,2023-12-21 04:42:00,mobile,0.0,2.0,41.15,0.0
587,256,45.56,entertainment,debit,2024-05-28 21:21:00,2023-10-09 21:21:00,desktop,1.0,2.0,216.66,0.0
588,219,19.12,utilities,debit,2024-01-19 05:50:00,2022-02-27 05:50:00,mobile,0.0,5.0,,0.0
589,263,33.37,utilities,debit,2024-05-14 02:00:00,2022-10-08 02:00:00,desktop,0.0,2.0,114.05,0.0
590,120,120.92,food,debit,2024-04-04 15:09:00,2022-04-13 15:09:00,mobile,0.0,5.0,114.27,0.0
591,263,151.16,food,debit,2024-06-19 02:09:00,2022-06-18 02:09:00,phone,0.0,3.0,152.98,0.0
592,237,3.6,payroll,debit,2024-01-06 04:12:00,2022-05-24 04:12:00,,0.0,3.0,136.29,0.0
593,200,318.71,travel,debit,2024-01-29 19:26:00,2022-09-16 19:26:00,desktop,0.0,1.0,199.4,0.0
594,251,69.68,payroll,debit,2024-01-11 07:39:00,2022-05-26 07:39:00,desktop,1.0,3.0,232.26,0.0
595,291,485.71,saas,debit,2024-04-19 22:28:00,2022-10-13 22:28:00,desktop,0.0,0.0,116.04,0.0
596,276,685.37,utilities,debit,2024-04-23 04:11:00,2023-07-25 04:11:00,desktop,0.0,3.0,103.1,0.0
597,198,41.03,entertainment,credit,2024-01-23 06:43:00,2022-02-19 06:43:00,mobile,0.0,1.0,123.9,0.0
598,135,124.02,utilities,debit,2024-02-17 00:28:00,2023-08-28 00:28:00,desktop,1.0,0.0,171.95,0.0
599,195,0.25,utilities,debit,2024-03-18 09:42:00,2021-07-19 09:42:00,desktop,0.0,1.0,144.18,0.0
600,251,182.42,payroll,debit,2024-04-12 14:15:00,2024-04-05 14:15:00,mobile,0.0,5.0,124.98,0.0
601,250,186.95,entertainment,debit,2024-03-05 15:16:00,2023-10-02 15:16:00,desktop,0.0,0.0,85.15,0.0
602,289,56.88,entertainment,debit,2024-06-22 10:17:00,2023-01-17 10:17:00,desktop,0.0,3.0,39.56,0.0
603,136,163.48,foood,debit,2024-01-14 05:33:00,2022-07-17 05:33:00,mobile,0.0,1.0,99.76,0.0
604,111,51.12,payroll,,2024-04-08 17:17:00,2022-10-08 17:17:00,desktop,0.0,2.0,213.22,0.0
605,212,,utilities,debit,2024-04-22 05:56:00,2021-10-14 05:56:00,desktop,0.0,3.0,171.8,0.0
606,282,210.83,payroll,debit,2024-03-03 07:45:00,2022-10-02 07:45:00,desktop,0.0,4.0,140.42,0.0
607,112,78.88,food,debit,2024-05-12 01:27:00,2021-11-04 01:27:00,mobile,0.0,0.0,186.49,0.0
608,122,178.45,food,credit,2024-02-18 06:37:00,2021-08-18 06:37:00,desktop,0.0,1.0,85.61,0.0
609,198,113.57,payroll,debit,2024-04-15 17:05:00,2023-09-13 17:05:00,mobile,1.0,4.0,,1.0
610,204,831.47,entertainment,debit,2024-04-04 15:59:00,2023-11-22 15:59:00,desktop,0.0,1.0,,0.0
611,129,32.41,utilities,debit,2024-04-08 08:25:00,2023-06-28 08:25:00,mobile,0.0,4.0,167.3,0.0
612,116,124.95,payroll,debit,2024-04-15 11:23:00,2023-12-11 11:23:00,desktop,0.0,5.0,,0.0
613,212,228.17,payroll,credit,2024-06-06 06:13:00,2021-11-28 06:13:00,mobile,0.0,1.0,164.17,0.0
614,161,100.69,payroll,debit,2024-04-05 06:47:00,2023-01-22 06:47:00,mobile,1.0,2.0,208.38,0.0
615,183,735.39,saas,debit,2024-04-04 21:25:00,2021-12-07 21:25:00,mobile,0.0,3.0,188.8,0.0
616,211,255.95,food,credit,2024-06-22 12:51:00,2022-08-06 12:51:00,mobile,0.0,1.0,89.55,0.0
617,185,214.0,,credit,2024-06-26 13:00:00,2024-01-26 13:00:00,mobile,0.0,3.0,209.14,0.0
618,240,282.99,travel,credit,2024-02-25 01:07:00,2023-03-31 01:07:00,mobile,1.0,2.0,139.53,0.0
619,286,610.03,entertainment,debit,,2022-10-16 00:21:00,desktop,0.0,3.0,51.49,0.0
620,118,476.8,travel,debit,2024-02-25 14:37:00,2023-02-07 14:37:00,desktop,0.0,1.0,144.56,0.0
621,276,257.68,saas,debit,2024-05-01 07:58:00,2024-01-07 07:58:00,mobile,1.0,0.0,182.36,0.0
622,199,276.59,payroll,debit,2024-02-23 05:03:00,2021-09-12 05:03:00,mobile,-1,3.0,99.31,0.0
623,239,31.55,saas,debit,2024-03-31 23:24:00,2022-12-05 23:24:00,mobile,0.0,0.0,216.64,0.0
624,288,21.69,saas,debit,2024-06-17 18:43:00,2023-09-07 18:43:00,mobile,0.0,1.0,,0.0
625,246,169.22,utilities,debit,2024-02-07 06:47:00,2021-08-22 06:47:00,desktop,0.0,0.0,125.95,0.0
626,175,3.71,food,debit,2024-02-17 10:32:00,2023-12-04 10:32:00,mobile,0.0,2.0,116.76,0.0
627,108,131.69,travel,debit,2024-03-15 17:35:00,2023-10-01 17:35:00,desktop,0.0,1.0,64.55,0.0
628,298,47.23,payroll,debit,2024-03-31 22:56:00,2023-09-24 22:56:00,desktop,1.0,1.0,,0.0
629,127,84.93,travel,credit,2024-01-20 03:24:00,2023-11-03 03:24:00,mobile,0.0,1.0,114.41,0.0
630,227,299.05,entertainment,debit,2024-01-21 00:35:00,2021-06-18 00:35:00,mobile,0.0,0.0,143.49,0.0
631,151,566.85,travel,debit,2024-05-13 18:59:00,2022-09-19 18:59:00,desktop,0.0,1.0,10.0,0.0
632,182,15.03,entertainment,debit,2024-01-06 08:17:00,2022-02-17 08:17:00,desktop,0.0,0.0,,0.0
633,210,152.82,food,debit,2024-02-25 16:05:00,2024-02-04 16:05:00,mobile,0.0,2.0,185.33,0.0
634,243,428.32,entertainment,debit,2024-05-22 08:34:00,2022-11-03 08:34:00,,0.0,3.0,209.07,0.0
635,216,17.22,travel,debit,2024-04-12 20:38:00,2023-10-11 20:38:00,mobile,0.0,2.0,75.42,0.0
636,168,348.04,travel,debit,2024-02-10 03:43:00,2021-09-22 03:43:00,desktop,0.0,3.0,135.36,0.0
637,198,88.57,entertainment,debit,2024-05-22 02:52:00,2023-10-13 02:52:00,desktop,1.0,2.0,197.07,0.0
638,239,77.75,saas,debit,2024-05-08 02:02:00,2022-02-01 02:02:00,mobile,1.0,1.0,201.37,0.0
639,124,758.55,food,debit,2024-01-07 16:15:00,2023-02-13 16:15:00,desktop,0.0,3.0,223.95,1.0
640,279,44.84,utilities,credit,2024-06-18 17:30:00,2023-12-22 17:30:00,desktop,0.0,0.0,155.14,0.0
641,222,236.31,payroll,credit,2024-04-04 12:52:00,2022-02-06 12:52:00,mobile,0.0,0.0,147.2,0.0
642,152,344.57,travel,debit,2024-03-31 14:59:00,2023-12-10 14:59:00,mobile,0.0,1.0,72.1,0.0
643,250,8.41,payroll,debit,2024-02-23 01:56:00,2022-02-17 01:56:00,desktop,0.0,4.0,203.24,0.0
644,243,221.97,utilities,debit,2024-05-13 01:11:00,2022-05-18 01:11:00,,0.0,4.0,126.98,0.0
645,156,605.44,payroll,credit,2024-03-24 17:22:00,2024-01-25 17:22:00,mobile,0.0,0.0,151.7,0.0
646,138,26.53,utilities,debit,2024-02-19 09:17:00,2023-03-29 09:17:00,mobile,0.0,7.0,148.36,0.0
647,208,453.1,entertainment,debit,2024-05-13 11:50:00,2021-11-20 11:50:00,mobile,0.0,3.0,30.27,0.0
648,280,180.66,saas,credit,2024-01-25 03:42:00,2022-05-14 03:42:00,mobile,0.0,3.0,109.43,0.0
649,141,191.74,travel,debit,2024-05-30 13:01:00,2021-12-15 13:01:00,mobile,0.0,4.0,172.69,0.0
650,285,189.84,utilities,credit,2024-02-24 12:53:00,2022-04-26 12:53:00,desktop,0.0,2.0,,1.0
651,266,71.0,payroll,debit,2024-06-15 16:11:00,2023-12-07 16:11:00,desktop,0.0,,,0.0
652,241,547.3,travel,debit,2024-05-11 11:27:00,2023-10-24 11:27:00,desktop,0.0,1.0,189.19,0.0
653,221,588.82,saas,debit,2024-06-17 18:24:00,2023-08-10 18:24:00,desktop,1.0,3.0,108.84,0.0
654,232,196.33,entertainment,credit,2024-02-20 11:24:00,2022-03-14 11:24:00,mobile,0.0,1.0,124.24,0.0
655,262,305.96,travel,credit,2024-05-10 13:10:00,2024-04-05 13:10:00,mobile,0.0,1.0,142.94,0.0
656,174,189.48,utilities,debit,2024-06-27 14:05:00,2023-06-14 14:05:00,mobile,0.0,2.0,188.67,
657,245,132.48,saas,debit,2024-05-29 13:16:00,2023-05-08 13:16:00,desktop,1.0,2.0,138.3,0.0
658,175,216.24,payroll,debit,2024-02-25 05:58:00,2022-01-28 05:58:00,desktop,0.0,2.0,60.95,0.0
659,108,161.04,saas,credit,2024-05-30 10:21:00,2023-10-06 10:21:00,desktop,0.0,2.0,140.09,0.0
660,173,182.0,saas,debit,2024-06-12 09:35:00,2022-10-05 09:35:00,mobile,1.0,3.0,186.66,0.0
661,285,306.34,food,debit,2024-02-26 13:02:00,2022-09-25 13:02:00,desktop,1.0,3.0,217.85,0.0
662,244,131.13,saas,debit,2024-06-23 14:35:00,2023-09-14 14:35:00,mobile,1.0,4.0,164.03,0.0
663,106,8.32,saas,debit,2024-06-27 18:24:00,2024-06-26 18:24:00,mobile,1.0,3.0,75.7,0.0
664,273,35.83,travel,debit,2024-04-18 13:28:00,2022-04-18 13:28:00,mobile,1.0,2.0,,0.0
665,240,115.47,payroll,debit,2024-04-21 20:37:00,2023-01-13 20:37:00,mobile,0.0,1.0,173.75,0.0
666,267,258.07,,debit,2024-01-05 14:38:00,2023-05-20 14:38:00,mobile,0.0,2.0,193.31,2
667,269,179.93,travel,credit,2024-01-26 23:39:00,2021-06-03 23:39:00,mobile,0.0,4.0,175.35,0.0
668,236,210.13,utilities,debit,2024-01-24 04:17:00,2023-08-05 04:17:00, desktop ,0.0,1.0,137.42,0.0
669,277,130.51,travel,debit,2024-03-14 18:44:00,2023-12-18 18:44:00,mobile,0.0,2.0,192.93,0.0
670,126,191.29,food,credit,2024-04-30 23:08:00,2022-10-25 23:08:00,mobile,0.0,1.0,117.97,0.0
671,221,79.8,food,debit,2024-04-26 11:06:00,2023-12-25 11:06:00,desktop,0.0,1.0,159.23,0.0
672,293,127.04,utilities,debit,2024-05-28 04:03:00,2022-02-05 04:03:00,mobile,0.0,2.0,187.49,0.0
673,104,272.73,entertainment,debit,2024-01-17 05:42:00,2023-03-25 05:42:00,desktop,0.0,1.0,178.83,0.0
674,128,410.88,payroll,credit,2024-06-20 02:15:00,2022-01-17 02:15:00,desktop,0.0,,179.95,0.0
675,264,113.71,payroll,debit,2024-05-09 22:55:00,2021-10-23 22:55:00,desktop,0.0,1.0,,0.0
676,265,8.93,travel,credit,2024-04-16 13:46:00,2022-05-27 13:46:00,mobile,0.0,2.0,97.57,0.0
677,182,35.27,travel,debit,2024-02-17 01:49:00,2022-07-22 01:49:00,mobile,0.0,1.0,150.88,0.0
678,235,4.22,entertainment,debit,2024-06-11 17:18:00,2023-02-13 17:18:00,desktop,,100.0,104.54,0.0
679,208,211.84,travel,debit,2024-03-17 19:54:00,2023-10-04 19:54:00,mobile,0.0,3.0,135.53,0.0
680,164,80.79,payroll,credit,2024-04-01 14:56:00,2022-05-03 14:56:00,mobile,0.0,1.0,91.56,0.0
681,185,156.39,saas,debit,2024-03-10 03:32:00,2023-02-21 03:32:00,desktop,0.0,2.0,167.25,0.0
682,244,135.96,food,credit,2024-04-28 22:54:00,2023-10-02 22:54:00,desktop,0.0,0.0,51.74,0.0
683,170,17.01,saas,debit,2024-04-10 12:18:00,2022-04-02 12:18:00,mobile,0.0,3.0,180.86,1.0
684,144,103.26,saas,debit,2024-03-26 21:04:00,2023-01-19 21:04:00,desktop,1.0,3.0,150.77,0.0
685,231,49.84,payroll,debit,2024-04-15 13:47:00,2023-03-23 13:47:00,desktop,0.0,2.0,245.11,0.0
686,135,108.39,saas,credit,2024-03-17 20:34:00,2022-09-04 20:34:00,desktop,0.0,4.0,139.77,0.0
687,169,45.53,entertainment,debit,2024-03-12 21:33:00,2023-08-01 21:33:00,mobile,0.0,2.0,,0.0
688,258,367.08,utilities,debit,2024-02-26 20:05:00,2024-02-23 20:05:00,mobile,0.0,3.0,184.13,TRUE
689,118,38.28,travel,debit,2024-06-21 05:17:00,2023-06-15 05:17:00,mobile,0.0,1.0,142.68,1.0
690,288,647.72,utilities,credit,2024-02-18 07:50:00,2022-04-02 07:50:00,desktop,0.0,1.0,163.74,0.0
691,207,107.54,food,debit,2024-03-29 17:35:00,2023-01-08 17:35:00,mobile,0.0,4.0,199.72,0.0
692,281,374.48,travel,debit,2024-02-16 03:51:00,2022-06-15 03:51:00,desktop,0.0,3.0,136.62,0.0
693,266,,saas,debit,2024-06-16 17:48:00,2024-02-21 17:48:00,mobile,0.0,1.0,209.76,0.0
694,190,265.87,food,debit,2024-06-01 08:26:00,2023-09-05 08:26:00,mobile,0.0,2.0,66.04,0.0
695,189,291.97,travel,debit,2024-06-25 03:31:00,2023-04-05 03:31:00,desktop,0.0,1.0,230.17,0.0
696,118,140.58,entertainment,credit,2024-01-31 01:38:00,2023-01-28 01:38:00,mobile,1.0,1.0,60.59,0.0
697,138,156.75,NA,credit,2024-05-14 20:20:00,2023-09-04 20:20:00,desktop,0.0,1.0,217.61,0.0
698,225,144.31,entertainment,debit,2024-06-19 02:16:00,2023-08-07 02:16:00,mobile,0.0,0.0,56.68,0.0
699,294,177.37,NA,debit,2024-02-03 23:24:00,2022-12-15 23:24:00,mobile,0.0,3.0,249.03,0.0
700,272,5.97,saas,debit,2024-04-12 15:01:00,2024-01-08 15:01:00,desktop,0.0,1.0,,0.0
701,240,100.68,utilities,debit,2024-01-07 18:06:00,2021-11-13 18:06:00,desktop,0.0,3.0,,0.0
702,225,186.38,travel,debit,2024-05-13 06:16:00,2021-12-03 06:16:00,desktop,0.0,2.0,243.26,
703,157,182.12,saas,debit,2024-01-29 03:42:00,2024-01-05 03:42:00,mobile,1.0,1.0,95.56,0.0
704,247,314.96,entertainment,debit,2024-04-15 01:57:00,2022-07-27 01:57:00,mobile,0.0,5.0,138.63,0.0
705,299,212.85,utilities,debit,2024-01-25 03:13:00,2022-04-02 03:13:00,mobile,1.0,0.0,280.24,
706,160,969.02,food,debit,2024-02-25 09:48:00,2021-10-28 09:48:00,desktop,0.0,6.0,169.78,0.0
707,226,66.77,food,debit,2024-01-15 19:16:00,2023-11-26 19:16:00,desktop,1.0,2.0,48.7,0.0
708,204,88.99,food,debit,2024-06-11 11:39:00,2023-01-26 11:39:00,desktop,0.0,2.0,136.34,0.0
709,266,96.85,entertainment,debit,2024-02-28 19:38:00,2022-03-12 19:38:00,mobile,0.0,0.0,131.91,0.0
710,100,125.4,food,debit,2024-01-12 02:00:00,2022-09-01 02:00:00,mobile,0.0,3.0,159.43,0.0
711,230,361.58,payroll,debit,2024-01-22 09:11:00,2023-02-21 09:11:00,desktop,0.0,0.0,147.78,0.0
712,191,53.78,travel,debit,2024-06-14 20:38:00,2024-03-27 20:38:00,mobile,1.0,1.0,177.29,0.0
713,289,299.22,travel,debit,2024-01-18 12:16:00,2022-06-15 12:16:00,desktop,0.0,0.0,73.6,0.0
714,290,103.94,entertainment,debit,15-06-2024 02:19:00,2024-03-27 13:39:00,mobile,0.0,2.0,122.6,0.0
715,212,184.19,payroll,,2024-02-14 17:47:00,2023-05-19 17:47:00,mobile,0.0,,165.59,0.0
716,252,200.23,saas,debit,2024-03-19 02:30:00,2022-09-04 02:30:00,desktop,0.0,2.0,111.89,0.0
717,155,93.31,saas,credit,2024-05-14 02:39:00,2022-03-02 02:39:00,mobile,0.0,2.0,204.8,0.0
718,260,143.74,food,debit,2024-02-20 21:30:00,2023-06-18 21:30:00,mobile,0.0,2.0,112.89,0.0
719,265,106.56,utilities,debit,2024-02-02 15:34:00,2021-12-18 15:34:00,desktop,0.0,2.0,,0.0
720,216,14.33,saas,debit,2024-04-03 20:30:00,2022-08-21 20:30:00,desktop,1.0,5.0,144.75,0.0
721,233,114.95,utilities,debit,2024-05-25 11:01:00,2023-05-04 11:01:00,mobile,0.0,1.0,99.27,0.0
722,157,20.49,travel,debit,2024-02-05 01:59:00,2022-03-05 01:59:00,,0.0,3.0,153.02,0.0
723,143,103.85,utilities,debit,2024-01-03 19:22:00,2022-06-23 19:22:00,mobile,0.0,1.0,,0.0
724,272,179.75,travel,debit,2024-02-04 01:32:00,2021-06-06 01:32:00,desktop,0.0,1.0,127.82,0.0
725,259,173.22,unknown,debit,2024-01-10 23:49:00,2023-01-14 23:49:00,mobile,0.0,1.0,151.51,0.0
726,272,217.31,payroll,debit,2024-03-07 15:21:00,2021-10-23 15:21:00,mobile,0.0,1.0,78.63,0.0
727,160,20.02,entertainment,debit,2024-02-17 07:11:00,2021-06-08 07:11:00,desktop,0.0,3.0,181.18,0.0
728,146,211.18,entertainment,credit,2024-03-13 22:58:00,2022-11-11 22:58:00,mobile,0.0,1.0,163.02,0.0
729,248,74.84,food,debit,2024-03-06 01:55:00,2023-03-20 01:55:00,mobile,1.0,3.0,176.6,0.0
730,179,101.85,saas,debit,2024-02-05 05:33:00,2022-03-06 05:33:00,desktop,0.0,1.0,150.12,1.0
731,217,390.37,food,debit,2024-01-25 03:14:00,2021-07-11 03:14:00,desktop,0.0,3.0,92.47,0.0
732,263,1.81,travel,credit,2024-04-13 22:56:00,2023-08-01 22:56:00,mobile,1.0,0.0,150.0,0.0
733,246,177.55,food,debit,2024-02-29 15:26:00,2023-07-22 15:26:00,desktop,1.0,2.0,181.15,0.0
734,119,182.62,,debit,2024-04-19 13:13:00,2021-11-17 13:13:00,desktop,0.0,5.0,90.48,0.0
735,284,101.05,travel,debit,2024-03-03 04:04:00,2022-02-09 04:04:00,mobile,0.0,2.0,94.46,0.0
736,245,64599.72,entertainment,debit,2024-02-26 06:06:00,2022-01-06 06:06:00,mobile,0.0,200.0,137.7,0.0
737,146,53.49,payroll,debit,2024-01-18 03:44:00,2024-01-17 03:44:00,,1.0,3.0,,0.0
738,148,430.33,entertainment,debit,2024-06-12 10:24:00,2022-12-14 10:24:00,desktop,1.0,3.0,149.19,0.0
739,113,116.69,,debit,2024-03-06 21:53:00,2022-12-16 21:53:00,desktop,0.0,2.0,135.42,0.0
740,242,80.36,travel,debit,2024-03-06 08:28:00,2023-12-18 08:28:00,None,0.0,4.0,158.0,0.0
741,258,119.12,travel,debit,2024-06-25 22:43:00,2023-11-02 22:43:00,Mobile,0.0,1.0,211.09,0.0
742,100,221.36,utilities,debit,2024-01-06 04:53:00,2023-02-06 04:53:00,mobile,0.0,2.0,176.92,0.0
743,216,31.51,saas,debit,2024-02-18 08:39:00,2021-09-12 08:39:00,mobile,0.0,3.0,152.81,0.0
744,153,119.36,payroll,debit,2024-06-09 17:32:00,2023-06-26 17:32:00,mobile,0.0,0.0,94.66,0.0
745,217,177.29,travel,debit,2024-02-07 18:23:00,2023-11-01 18:23:00,mobile,1.0,2.0,113.9,0.0
746,102,593.56,travel,credit,2024-04-03 02:26:00,2024-01-12 02:26:00,mobile,0.0,1.0,192.09,0.0
747,243,58.21,utilities,debet,2024-05-19 03:12:00,2023-01-03 03:12:00,desktop,0.0,1.0,126.58,0.0
748,284,89.02,food,debit,,2021-06-10 19:14:00,desktop,0.0,1.0,101.61,0.0
749,111,95.4,payroll,debit,2024-13-01 00:00:00,2023-01-12 20:43:00,mobile,0.0,5.0,254.9,0.0
750,173,186.05,entertainment,credit,2024-03-30 08:34:00,2021-09-15 08:34:00,mobile,0.0,-10.0,226.22,0.0
751,115,88.24,saas,debit,2024-06-04 12:20:00,2022-07-01 12:20:00,mobile,0.0,2.0,143.78,0.0
752,299,152.5,travel,debit,2024-01-04 21:14:00,2021-11-30 21:14:00,desktop,0.0,1.0,95.87,0.0
753,201,304.46,travel,debit,2024-06-13 12:27:00,2021-12-05 12:27:00,mobile,1.0,1.0,186.17,0.0
754,251,244.42,entertainment,debit,2024-01-06 02:51:00,2022-07-05 02:51:00,desktop,0.0,0.0,125.5,0.0
755,255,,payroll,debit,2024-02-02 20:35:00,2024-01-19 20:35:00,desktop,0.0,2.0,194.43,0.0
756,216,399.34,food,debit,2024-05-29 01:16:00,2023-05-03 01:16:00,desktop,0.0,1.0,125.55,0.0
757,107,163.35,travel,debit,2024-03-29 08:51:00,2023-04-17 08:51:00,desktop,0.0,3.0,232.27,0.0
758,221,155.26,payroll,credit,2024-06-10 11:20:00,2023-08-05 11:20:00,desktop,0.0,4.0,124.06,0.0
759,191,,entertainment,debit,2024-02-25 05:26:00,2023-02-04 05:26:00,mobile,0.0,2.0,268.24,0.0
760,263,,utilities,debit,2024-06-18 01:39:00,2023-11-22 01:39:00,mobile,0.0,1.0,159.75,0.0
761,189,26.24,food,debit,2024-04-12 13:38:00,2023-04-21 13:38:00,desktop,0.0,2.0,219.22,0.0
762,235,52.57,saas,debit,2024-02-29 17:25:00,2021-06-30 17:25:00,mobile,0.0,3.0,122.99,0.0
763,285,10.62,travel,debit,2024-06-13 19:30:00,2022-10-21 19:30:00,desktop,0.0,3.0,84.43,0.0
764,159,204.33,payroll,debit,2024-03-14 07:33:00,2022-08-24 07:33:00,desktop,1.0,1.0,34.69,0.0
765,277,50.9,utilities,debit,2024-04-05 23:22:00,2024-01-02 23:22:00,mobile,1.0,2.0,213.83,0.0
766,127,39.69,saas,credit,2024-04-05 18:20:00,2024-01-03 18:20:00,mobile,0.0,3.0,153.4,0.0
767,200,18.54,payroll,credit,2024-02-09 22:34:00,2023-03-06 22:34:00,mobile,0.0,1.0,87.62,0.0
768,140,21.81,payroll,debit,2024-06-14 10:20:00,2022-10-26 10:20:00,mobile,1.0,2.0,215.91,0.0
769,291,175.74,saas,debit,2024-06-18 03:56:00,2023-03-31 03:56:00,mobile,0.0,3.0,207.8,0.0
770,254,233.08,utilities,credit,2024-06-12 16:27:00,2022-05-17 16:27:00,desktop,0.0,0.0,219.12,0.0
771,290,101.29,entertainment,debit,2024-05-07 14:16:00,2024-04-15 14:16:00,mobile,1.0,2.0,83.01,0.0
772,244,130.75,utilities,credit,2024-06-17 14:13:00,2023-08-31 14:13:00,mobile,0.0,2.0,6172.71,0.0
773,260,231.65,food,debit,2024-04-13 10:35:00,2022-12-15 10:35:00,mobile,1.0,2.0,169.2,0.0
774,256,-3076.17,travel,debit,2024-04-30 22:11:00,2022-03-08 22:11:00,desktop,1.0,1.0,221.38,0.0
775,240,78.06,saas,debit,2024-05-29 09:50:00,2023-07-28 09:50:00,mobile,0.0,3.0,177.14,0.0
776,145,723.11,entertainment,debit,2024-04-30 20:04:00,2022-08-05 20:04:00,desktop,1.0,3.0,158.65,0.0
777,134,173.55,saas,debit,2024-05-13 13:41:00,2024-01-06 13:41:00,mobile,0.0,2.0,213.0,0.0
778,233,58.67,saas,,2024-06-23 06:02:00,2022-10-07 06:02:00,mobile,0.0,0.0,192.59,0.0
779,181,147.52,utilities,debit,2024-02-22 18:26:00,2021-07-28 18:26:00,desktop,0.0,1.0,204.09,0.0
780,214,83.91,travel,debit,2024-02-29 16:39:00,2023-06-01 16:39:00,mobile,0.0,,125.6,0.0
781,296,151.96,food,debit,2024-01-02 09:55:00,2021-09-06 09:55:00,mobile,0.0,4.0,141.38,0.0
782,146,26.88,payroll,,2024-03-17 05:27:00,2022-12-31 05:27:00,desktop,0.0,0.0,63.31,0.0
783,252,28.48,payroll,debit,2024-04-29 07:37:00,2022-12-13 07:37:00,mobile,0.0,0.0,121.99,0.0
784,293,30.99,saas,credit,2024-01-12 23:21:00,2023-09-04 23:21:00,desktop,0.0,2.0,189.52,0.0
785,109,562.08,travel,debit,2024-02-06 18:55:00,2023-09-27 18:55:00,desktop,0.0,1.0,178.21,0.0
786,155,264.03,entertainment,debit,2024-04-17 02:26:00,2022-08-29 02:26:00,desktop,0.0,2.0,101.02,0.0
787,129,35.44,utilities,credit,2024-04-18 19:37:00,2021-09-26 19:37:00,desktop,1.0,1.0,214.12,
788,208,41.74,travel,debit,2024-05-02 05:42:00,2023-01-06 05:42:00,desktop,1.0,0.0,298.65,0.0
789,104,262.48,travel,debit,2024-06-08 11:54:00,2022-01-28 11:54:00,mobile,0.0,0.0,104.86,0.0
790,218,33.96,utilities,debit,2024-02-09 03:56:00,2023-01-15 03:56:00,mobile,1.0,1.0,139.71,1.0
791,132,53.46,saas,debit,2024-06-08 22:19:00,2022-10-24 22:19:00,mobile,0.0,1.0,,0.0
792,217,661.25,travel,debit,2024-03-23 14:00:00,2021-06-28 14:00:00,desktop,,4.0,145.26,0.0
793,164,58.96,payroll,credit,2024-04-10 06:43:00,2021-07-30 06:43:00,desktop,0.0,0.0,163.7,0.0
794,245,216.72,utilities,debit,2024-05-15 09:59:00,2023-06-25 09:59:00,desktop,0.0,1.0,115.13,0.0
795,276,769.17,entertainment,debit,2024-02-29 21:06:00,2023-12-22 21:06:00,desktop,1.0,3.0,136.15,
796,110,93.78,food,debit,2024-02-28 19:59:00,2022-05-09 19:59:00,mobile,0.0,7.0,154.36,0.0
797,184,3.53,saas,debit,2024-02-13 18:14:00,2022-11-22 18:14:00,mobile,0.0,0.0,173.58,0.0
798,125,55.98,utilities,-,2024-01-28 07:46:00,2022-08-18 07:46:00,desktop,0.0,5.0,223.32,0.0
799,162,355.43,food,debit,2024-02-18 21:31:00,2021-11-21 21:31:00,desktop,0.0,1.0,149.28,0.0
800,185,399.92,food,debit,2024-05-08 20:30:00,2022-08-30 20:30:00,mobile,0.0,1.0,121.91,0.0
801,158,292.65,entertainment,debit,2024-04-09 12:46:00,2023-10-27 12:46:00,desktop,0.0,3.0,,0.0
802,126,24.01,travel,debit,2024-05-09 17:26:00,2023-01-07 17:26:00,desktop,0.0,2.0,170.01,0.0
803,276,317.45,entertainment,debit,2024-02-30 12:00:00,2022-05-08 21:33:00,desktop,0.0,0.0,140.36,0.0
804,260,501.87,travel,debit,2024-06-20 22:02:00,2022-07-12 22:02:00,mobile,0.0,1.0,174.25,0.0
805,197,183.56,travel,debit,2024-02-23 02:01:00,2022-12-24 02:01:00,mobile,0.0,1.0,130.84,0.0
806,204,565.62,utilities,credit,2024-02-02 00:41:00,2022-03-07 00:41:00,desktop,0.0,0.0,123.48,0.0
807,198,350.71,utilities,debit,2024-06-28 11:38:00,2022-03-17 11:38:00,mobile,0.0,0.0,55.03,0.0
808,228,219.91,saas,debit,2024-05-27 13:30:00,2023-09-05 13:30:00,desktop,0.0,3.0,133.6,0.0
809,248,172.16,travel,debit,2024-02-11 19:17:00,2021-09-19 19:17:00,desktop,0.0,3.0,,0.0
810,154,85.72,food,debit,2024-02-28 17:37:00,2022-06-26 17:37:00,mobile,0.0,4.0,118.03,0.0
811,105,34.7,payroll,debit,2024-03-06 17:14:00,2023-03-30 17:14:00,desktop,0.0,2.0,,0.0
812,296,185.75,saas,debit,2024-06-21 23:46:00,2022-03-12 23:46:00,desktop,1.0,1.0,74.74,0.0
813,194,76.58,utilities,debit,2024-04-30 11:43:00,2022-05-05 11:43:00,mobile,0.0,1.0,140.51,0.0
814,232,402.64,entertainment,debit,2024-06-21 17:09:00,2023-09-17 17:09:00,desktop,0.0,3.0,153.27,0.0
815,201,1002.24,saas,debit,2024-06-08 22:37:00,2022-08-04 22:37:00,desktop,1.0,2.0,138.07,0.0
816,102,279.21,saas,debit,2024-03-10 14:11:00,2022-12-27 14:11:00,desktop,0.0,2.0,125.93,0.0
817,280,18.97,saas,debit,2024-04-04 09:09:00,2023-10-30 09:09:00,mobile,0.0,2.0,166.27,0.0
818,122,68.13,saas,debit,2024-06-17 18:56:00,2023-04-22 18:56:00,desktop,0.0,2.0,173.2,0.0
819,152,23.11,payroll,credit,2024-06-02 12:57:00,2023-09-25 12:57:00,mobile,0.0,0.0,150.08,0.0
820,264,210.26,entertainment,credit,2024-05-28 18:35:00,2022-01-01 18:35:00,desktop,0.0,1.0,128.71,0.0
821,182,289.8,entertainment,credit,2024-05-20 11:44:00,2022-09-19 11:44:00,desktop,1.0,1.0,193.24,0.0
822,244,519.86,entertainment,credit,2024-05-05 01:06:00,2022-11-22 01:06:00,desktop,0.0,0.0,84.46,0.0
823,184,115.31,travel,credit,2024-05-25 22:31:00,2023-07-03 22:31:00,desktop,0.0,,184.37,0.0
824,177,463.29,food,debit,2024-04-09 18:47:00,2021-08-22 18:47:00,mobile,1.0,4.0,170.98,0.0
825,209,33073.04,entertainment,debit,2024-01-02 00:26:00,2021-07-21 00:26:00,mobile,1.0,1.0,159.95,0.0
826,100,76.31,saas,,2024-01-22 08:51:00,2023-10-17 08:51:00,desktop,0.0,5.0,149.51,0.0
827,150,406.36,saas,debit,,2025-03-15 10:00:00,desktop,0.0,0.0,55.5,0.0
828,272,94.22,entertainment,debit,2024-02-28 06:06:00,2023-07-27 06:06:00, desktop ,1.0,2.0,219.37,0.0
829,103,70.44,entertainment,,2024-02-15 18:31:00,2023-10-06 18:31:00,desktop,0.0,0.0,191.93,0.0
830,289,209.44,saas,debit,2024-06-08 11:18:00,2023-09-22 11:18:00,desktop,0.0,7.0,101.93,0.0
831,292,79.61,travel,debit,2024-04-15 10:18:00,2023-12-12 10:18:00,desktop,1.0,4.0,187.94,0.0
832,212,198.96,utilities,credit,2024-03-02 09:42:00,2023-12-11 09:42:00,desktop,0.0,1.0,159.44,1.0
833,131,188.24,utilities,debit,2024-06-16 07:56:00,2023-09-07 07:56:00,desktop,0.0,0.0,120.85,1.0
834,133,165.77,entertainment,debit,2024-05-13 04:51:00,2022-06-30 04:51:00,mobile,0.0,1.0,209.59,0.0
835,191,95.74,payroll,debit,2024-06-15 07:52:00,2024-04-17 07:52:00,mobile,0.0,2.0,128.46,0.0
836,194,159.04,entertainment,debit,2024-06-08 04:59:00,2022-12-12 04:59:00,mobile,0.0,4.0,217.81,0.0
837,171,181.51,entertainment,credit,2024-02-20 22:49:00,2023-09-12 22:49:00,desktop,0.0,1.0,176.71,0.0
838,138,157.79,utilities,debit,2024-01-02 07:33:00,2023-03-24 07:33:00,desktop,0.0,0.0,197.83,0.0
839,253,117.55,saas,debit,2024-01-22 05:33:00,2023-10-08 05:33:00,desktop,0.0,2.0,178.95,0.0
840,261,2.96,entertainment,debit,2024-03-08 07:07:00,2023-11-24 07:07:00,mobile,0.0,1.0,176.64,0.0
841,281,176.89,saas,debit,2024-04-29 09:46:00,2023-02-15 09:46:00,desktop,0.0,2.0,160.76,0.0
842,217,36.89,saas,debit,2024-05-24 17:54:00,2023-10-09 17:54:00,mobile,0.0,0.0,113.66,
843,102,205.77,payroll,debit,2024-03-10 09:56:00,2022-04-10 09:56:00,desktop,0.0,0.0,153.13,0.0
844,222,284.88,saas,debit,2024-05-31 18:12:00,2022-10-27 18:12:00,mobile,0.0,0.0,195.82,0.0
845,149,138.81,utilities,debit,2024-06-28 05:33:00,2023-08-15 05:33:00,mobile,0.0,1.0,185.96,0.0
846,111,156.34,travel,debit,2024-03-23 08:20:00,2022-12-15 08:20:00,mobile,0.0,2.0,175.06,0.0
847,292,605.15,travel,credit,2024-04-24 04:39:00,2022-02-12 04:39:00,desktop,1.0,4.0,45.21,0.0
848,153,375.68,food,debit,2024-04-15 17:51:00,2022-08-25 17:51:00,mobile,0.0,3.0,139.34,0.0
849,232,491.23,entertainment,credit,2024-06-20 23:52:00,2022-01-20 23:52:00,desktop,0.0,4.0,134.09,0.0
850,156,336.15,utilities,debit,2024-03-04 11:24:00,2021-10-12 11:24:00,,1.0,5.0,94.84,0.0
851,244,23.06,saas,debit,2024-05-22 15:20:00,2023-02-05 15:20:00,desktop,0.0,0.0,195.19,0.0
852,211,32.27,travel,debit,2024-02-10 02:04:00,2025-03-15 10:00:00,desktop,0.0,3.0,48.73,0.0
853,146,149.57,utilities,debit,2024-02-29 19:33:00,2022-06-14 19:33:00,desktop,0.0,2.0,191.83,0.0
854,250,56.49,travel,debit,2024-04-26 07:17:00,2024-04-13 07:17:00,mobile,0.0,1.0,216.46,0.0
855,184,129.52,saas,debit,2024-06-08 05:44:00,2023-03-26 05:44:00,desktop,1.0,,139.51,0.0
856,241,100.3,travel,debit,2024-06-15 11:31:00,2024-05-28 11:31:00,desktop,0.0,1.0,146.28,0.0
857,165,159.44,entertainment,credit,2024-01-12 02:29:00,2022-02-17 02:29:00,desktop,0.0,4.0,21973.91,0.0
858,174,274.77,entertainment,debit,2024-01-21 02:11:00,2021-05-23 02:11:00,desktop,0.0,5.0,,0.0
859,278,251.4,food,debit,2024-01-07 10:50:00,2023-09-16 10:50:00,desktop,0.0,0.0,183.04,0.0
860,202,147.31,food,debit,2024-04-27 15:59:00,2023-09-11 15:59:00,mobile,0.0,2.0,104.11,0.0
861,265,345.64,travel,debit,2024-03-25 02:56:00,2023-10-06 02:56:00,mobile,0.0,2.0,89.13,0.0
862,291,112.73,utilities,debit,2024-02-25 11:18:00,2023-05-06 11:18:00,desktop,0.0,5.0,164.8,0.0
863,137,454.05,entertainment,debit,2024-03-03 19:57:00,2023-08-27 19:57:00,mobile,0.0,0.0,148.67,0.0
864,149,14.79,utilities,debit,2024-05-26 05:13:00,2023-03-27 05:13:00,mobile,1.0,0.0,63.95,
865,197,618.71,utilities,debit,2024-05-24 00:10:00,2021-09-20 00:10:00,desktop,1.0,4.0,220.77,0.0
866,181,212.66,travel,debit,2024-03-28 16:59:00,2024-01-09 16:59:00,mobile,0.0,3.0,129.26,0.0
867,129,95.63,utilities,debit,2024-04-21 22:45:00,2022-07-03 22:45:00,desktop,0.0,2.0,175.53,0.0
868,178,43.92,entertainment,credit,,2021-12-12 05:28:00,mobile,0.0,4.0,230.26,0.0
869,190,130.47,saas,credit,2024-03-14 09:26:00,2023-09-14 09:26:00,mobile,0.0,1.0,162.38,0.0
870,278,43.27,food,debit,2024-04-19 19:24:00,2022-12-07 19:24:00,mobile,1.0,1.0,213.66,0.0
871,290,36.38,saas,debit,2024-03-15 12:06:00,2022-01-07 12:06:00,desktop,0.0,1.0,106.85,0.0
872,151,192.13,utilities,debit,2024-05-30 09:21:00,2022-04-29 09:21:00,mobile,0.0,1.0,221.05,0.0
873,265,148.08,saas,debit,2024-01-29 02:35:00,2021-09-15 02:35:00,mobile,1.0,1.0,108.71,0.0
874,178,221.79,entertainment,debit,2024-02-27 09:46:00,2021-11-23 09:46:00,desktop,0.0,3.0,,0.0
875,129,530.73,entertainment,debit,2024-03-08 02:22:00,2022-03-31 02:22:00,desktop,1.0,1.0,77.27,0.0
876,205,151.97,utilities,debit,2024-05-11 01:28:00,2022-01-27 01:28:00,mobile,,2.0,163.42,0.0
877,150,173.94,travel,debit,2024-04-04 05:45:00,2024-01-24 05:45:00, desktop ,0.0,2.0,181.55,0.0
878,180,18.78,saas,debit,2024-04-13 00:56:00,2023-08-09 00:56:00,mobile,0.0,1.0,188.34,0.0
879,232,252.91,travel,credit,2024-03-15 16:53:00,2023-10-21 16:53:00,mobile,1.0,6.0,78.42,0.0
880,128,102.13,travel,debit,2024-06-07 22:52:00,2022-09-28 22:52:00,desktop,1.0,2.0,168.75,0.0
881,231,752.08,payroll,debit,2024-02-02 07:46:00,2021-12-19 07:46:00,desktop,0.0,5.0,170.6,1.0
882,237,0.0,utilities,credit,2024-01-05 20:48:00,2023-03-15 20:48:00,desktop,1.0,3.0,180.74,0.0
883,283,147.83,food,credit,2024-02-03 12:51:00,2022-07-01 12:51:00,,0.0,0.0,111.36,0.0
884,244,26.3,entertainment,debit,2024-04-20 01:17:00,2023-01-06 01:17:00,desktop,0.0,0.0,24.73,0.0
885,173,392.39,entertainment,DEBIT,2024-06-21 07:41:00,2023-02-01 07:41:00,mobile,1.0,0.0,185.32,0.0
886,116,321.67,utilities,debit,2024-01-26 06:26:00,2023-07-17 06:26:00,desktop,0.0,5.0,142.71,0.0
887,183,40.81,food,credit,2024-03-04 03:09:00,2023-12-27 03:09:00,mobile,1.0,2.0,164.01,1.0
888,168,69.99,entertainment,credit,2024-04-15 11:39:00,2022-12-08 11:39:00,desktop,,1.0,145.27,0.0
889,133,315.4,utilities,debit,2024-01-23 22:40:00,2021-10-28 22:40:00,mobile,0.0,0.0,161.73,0.0
890,105,40.97,entertainment,debit,2024-02-11 21:54:00,2023-12-21 21:54:00,desktop,0.0,1.0,186.86,0.0
891,152,499.6,travel,,2024-02-24 13:03:00,2021-09-25 13:03:00,mobile,0.0,0.0,57.15,0.0
892,293,110.51,saas,debit,2024-01-13 14:37:00,2023-01-15 14:37:00,desktop,0.0,1.0,207.05,0.0
893,225,18.21,saas,debit,2024-06-07 20:45:00,2022-04-02 20:45:00,desktop,0.0,5.0,140.89,0.0
894,142,338.29,entertainment,credit,2024-01-25 12:35:00,2021-07-22 12:35:00,mobile,3,1.0,231.35,0.0
895,214,93.52,payroll,debit,2024-01-25 22:52:00,2022-10-08 22:52:00,desktop,0.0,0.0,127.03,0.0
896,210,149.52,  food  ,credit,2024-04-15 17:16:00,2021-12-21 17:16:00,mobile,0.0,5.0,115.92,0.0
897,250,23.83,food,credit,2024-04-11 00:46:00,2022-11-07 00:46:00,nan,1.0,1.0,142.58,0.0
898,282,51416.45,food,debit,2024-06-28 15:09:00,2022-05-27 15:09:00,desktop,0.0,4.0,175.0,0.0
899,179,203.21,travel,debit,2024-04-10 23:19:00,2023-02-04 23:19:00,mobile,0.0,1.0,136.28,0.0
900,194,144.79,food,debit,2030-12-31 23:59:00,2025-03-15 10:00:00,desktop,0.0,1.0,178.63,0.0
901,217,180.05,saas,debit,2024-04-01 16:18:00,2023-06-08 16:18:00,desktop,0.0,,130.64,0.0
902,243,315.73,travel,debit,2024-01-11 04:53:00,2022-11-02 04:53:00,mobile,0.0,1.0,151.74,0.0
903,107,208.03,utilities,debit,2024-01-19 22:01:00,2022-02-22 22:01:00,desktop,0.0,3.0,261.83,0.0
904,231,38.42,food,debit,2024-03-20 23:54:00,2022-04-29 23:54:00,Desktop,0.0,3.0,167.86,0.0
905,203,89.5,food,debit,2024-03-07 12:30:00,2023-08-22 12:30:00,mobile,0.0,2.0,,0.0
906,231,472.66,utilities,debit,2024-04-11 19:32:00,2023-12-05 19:32:00,desktop,1.0,2.0,76.37,0.0
907,283,293.89,food,debit,2024-02-20 04:15:00,2022-09-06 04:15:00,,0.0,1.0,217.71,0.0
908,124,162.67,utilities,debit,2024-05-15 23:49:00,2021-09-04 23:49:00,mobile,0.0,3.0,203.32,0.0
909,294,59.05,travel,debit,2024-04-29 15:15:00,2023-03-15 15:15:00,mobile,0.0,1.0,114.28,1.0
910,195,71.92,saas,debit,2024-04-18 10:33:00,2021-09-27 10:33:00,desktop,0.0,4.0,202.34,0.0
911,294,263.32,utilities,debit,2024-05-13 23:33:00,2022-01-24 23:33:00,desktop,0.0,1.0,166.49,0.0
912,254,381.0,payroll,debit,2024-01-08 21:10:00,2023-11-04 21:10:00,desktop,0.0,3.0,152.32,0.0
913,192,222.6,utilities,debit,2024-05-09 13:44:00,2022-06-15 13:44:00,desktop,0.0,2.0,214.55,0.0
914,259,,food,debit,2024-02-09 10:49:00,2023-06-13 10:49:00,mobile,0.0,1.0,124.39,0.0
915,277,291.05,travel,debit,2024-03-11 18:14:00,2023-03-08 18:14:00,desktop,0.0,2.0,113.88,0.0
916,160,32.43,entertainment,credit,2024-03-08 17:57:00,2022-09-19 17:57:00,mobile,0.0,4.0,160.38,0.0
917,221,110.31,travel,debit,2024-04-30 18:24:00,2023-04-12 18:24:00,mobile,0.0,,176.41,0.0
918,150,33.21,entertainment,debit,2024-04-20 17:21:00,2023-02-14 17:21:00,desktop,0.0,2.0,198.32,0.0
919,246,53.64,utilities,debit,2024-01-23 00:48:00,2021-05-31 00:48:00,mobile,0.0,1.0,142.45,0.0
920,120,406.91,saas,debit,2024-01-13 04:56:00,2023-10-22 04:56:00,desktop,0.0,2.0,,0.0
921,104,128.07,payroll,debit,2024-04-21 03:53:00,2021-08-13 03:53:00,mobile,0.0,2.0,276.43,0.0
922,191,153.3,travel,debit,2024-06-28 15:37:00,2022-03-20 15:37:00,desktop,0.0,1.0,95.67,0.0
923,269,39.31,food,debit,2024-02-27 21:44:00,2022-04-01 21:44:00,mobile,0.0,0.0,152.76,0.0
924,160,74.87,entertainment,debit,2024-01-01 06:30:00,2021-05-25 06:30:00,mobile,0.0,0.0,188.99,0.0
925,121,52.34,food,debit,2024-05-31 19:27:00,2022-02-23 19:27:00,desktop,0.0,1.0,207.56,0.0
926,248,46.18,saas,debit,2024-02-01 13:16:00,2022-05-31 13:16:00,desktop,0.0,3.0,121.64,0.0
927,169,203.2,entertainment,debit,2024-01-09 00:49:00,2022-06-14 00:49:00,mobile,0.0,1.0,56.25,0.0
928,100,59.38,travel,credit,2024-04-10 01:41:00,2023-06-29 01:41:00,mobile,0.0,2.0,120.49,0.0
929,232,199.94,utilities,debit,2024-01-16 14:50:00,2021-05-02 14:50:00,desktop,0.0,1.0,193.07,0.0
930,111,12.05,food,debit,2024-02-01 20:35:00,2022-08-16 20:35:00,mobile,1.0,2.0,181.87,0.0
931,189,30.58,saas,debit,2024-06-25 19:44:00,2023-03-24 19:44:00,desktop,0.0,4.0,183.51,0.0
932,145,64.19,travel,debit,2024-06-10 01:36:00,2023-11-11 01:36:00,mobile,0.0,1.0,185.58,0.0
933,133,181.79,travel,debit,2024-01-05 01:47:00,2023-09-01 01:47:00,desktop,1.0,1.0,217.0,0.0
934,276,225.3,travel,debit,2024-02-26 03:00:00,2023-01-09 03:00:00,mobile,1.0,1.0,111.21,1.0
935,177,116.94,travel,debit,2024-03-10 02:35:00,2022-10-28 02:35:00,desktop,0.0,3.0,90.11,0.0
936,144,78323.32,entertainment,debit,2024-01-07 08:01:00,2022-11-08 08:01:00,desktop,0.0,4.0,168.52,0.0
937,254,257.85,travel,debit,2024-01-02 01:39:00,2022-06-27 01:39:00,mobile,0.0,6.0,97.57,1.0
938,172,3.19,food,debit,2024-06-03 05:36:00,2022-10-02 05:36:00,desktop,0.0,1.0,86.95,0.0
939,125,83.43,saas,credit,2024-04-12 20:19:00,2021-08-25 20:19:00,mobile,0.0,1.0,211.2,0.0
940,146,341.53,entertainment,debit,2024-03-29 11:22:00,2022-10-03 11:22:00,desktop,0.0,6.0,,0.0
941,220,184.87,travel,debit,2024-02-21 13:09:00,2023-09-16 13:09:00,desktop,0.0,2.0,151.42,0.0
942,155,82.26,payroll,debit,2024-04-07 05:13:00,2023-12-17 05:13:00,desktop,1.0,2.0,152.46,0.0
943,193,471.88,payroll,debit,2024-02-05 00:35:00,2022-12-30 00:35:00,mobile,1.0,3.0,144.69,0.0
944,206,296.23,saas,debit,2024-06-25 00:00:00,2022-05-28 00:00:00,desktop,0.0,4.0,210.86,0.0
945,162,61.55,utilities,NULL,2024-04-08 04:22:00,2023-12-08 04:22:00,,0.0,0.0,,0.0
946,147,207.29,  utilities  ,debit,2024-02-14 10:05:00,2023-05-17 10:05:00,desktop,0.0,3.0,72.2,0.0
947,160,181.14,entertainment,debit,2024-06-24 18:25:00,2023-09-04 18:25:00,mobile,1.0,3.0,103.18,0.0
948,180,102.56,entertainment,debit,2024-03-18 02:48:00,2023-02-14 02:48:00,mobile,0.0,3.0,164.46,
949,125,91.44,entertainment,debit,2024-03-07 23:24:00,2022-11-22 23:24:00,mobile,0.0,1.0,13020.81,0.0
950,135,84.18,utilities,credit,2024-02-18 13:22:00,2021-06-08 13:22:00,desktop,0.0,0.0,193.45,0.0
951,100,192.03,payroll,debit,2024-03-08 21:59:00,2023-08-14 21:59:00,mobile,0.0,0.0,179.62,0.0
952,107,116.83,utilities,debit,2024-03-06 05:48:00,2025-03-15 10:00:00,desktop,0.0,1.0,146.01,0.0
953,212,356.6,food,debit,2024-05-28 13:11:00,2023-03-15 13:11:00,mobile,0.0,1.0,83.37,0.0
954,198,221.49,travel,debit,2024-04-09 12:34:00,2023-07-06 12:34:00,mobile,0.0,1.0,175.75,0.0
955,279,14.5,entertainment,debit,2024-06-21 06:59:00,2021-11-01 06:59:00,mobile,0.0,1.0,251.3,0.0
956,146,204.42,payroll,debit,2024-06-18 04:33:00,2022-11-28 04:33:00,mobile,0.0,5.0,138.0,0.0
957,226,63.26,saas,debit,2024-01-07 05:07:00,2021-08-03 05:07:00,desktop,0.0,3.0,121.97,0.0
958,155,179.7,saas,debit,2024-06-17 23:22:00,2021-12-15 23:22:00,MOBILE,1.0,2.0,138.24,0.0
959,113,227.97,travel,debit,2024-05-20 15:38:00,2022-10-29 15:38:00,mobile,1.0,1.0,179.99,1.0
960,127,52.49,payroll,debit,2024-06-12 00:58:00,2021-11-15 00:58:00,desktop,1.0,1.0,,0.0
961,177,122.08,utilities,debit,2024-06-23 14:23:00,2023-02-27 14:23:00,mobile,1.0,1.0,195.5,1.0
962,229,42.22,utilities,debit,2024-06-26 15:41:00,2022-04-15 15:41:00,mobile,0.0,3.0,148.33,0.0
963,208,10.75,food,debit,2024-05-13 22:48:00,2024-01-20 22:48:00,mobile,0.0,6.0,137.95,0.0
964,253,95.12,food,debit,2024-02-03 21:05:00,2021-08-24 21:05:00,mobile,0.0,2.0,161.45,0.0
965,113,90.18,utilities,credit,2024-03-24 07:23:00,2021-10-09 07:23:00,desktop,1.0,4.0,123.02,0.0
966,286,0.0,saas,credit,2024-01-01 08:27:00,2021-10-03 08:27:00,desktop,0.0,0.0,,0.0
967,155,118.25,entertainment,credit,2024-05-17 12:44:00,2022-01-15 12:44:00,mobile,0.0,3.0,191.16,0.0
968,214,81.16,saas,debit,2024-04-19 21:03:00,2022-12-29 21:03:00,desktop,1.0,,95.02,0.0
969,106,173.73,food,debit,2024-01-09 01:38:00,2022-01-29 01:38:00,desktop,0.0,2.0,112.71,1.0
970,102,18.59,travel,debit,2024-02-21 14:06:00,2021-08-02 14:06:00,mobile,0.0,-1.0,178.27,0.0
971,210,652.28,utilities,debit,2024-01-12 04:42:00,2023-02-25 04:42:00,desktop,0.0,2.0,159.17,0.0
972,250,201.55,food,debit,2024-04-06 03:06:00,2023-10-10 03:06:00,mobile,0.0,1.0,165.13,0.0
973,206,281.17,food,credit,2024-03-17 02:38:00,2021-10-02 02:38:00,desktop,0.0,1.0,140.39,0.0
974,117,37.38,entertainment,credit,2024-04-22 12:51:00,2023-09-16 12:51:00,desktop,0.0,2.0,172.76,0.0
975,137,105.35,utilities,debit,2024-03-01 00:36:00,2022-01-02 00:36:00,desktop,0.0,5.0,141.57,0.0
976,214,109.87,entertainment,debit,2024-05-26 03:28:00,2021-10-20 03:28:00,mobile,1.0,2.0,178.17,0.0
977,114,344.98,utilities,,2024-05-07 16:06:00,2022-11-26 16:06:00,NA,0.0,1.0,188.65,0.0
978,291,0.25,entertainment,credit,2024-06-11 08:15:00,2023-02-05 08:15:00,mobile,0.0,2.0,230.34,0.0
979,218,71.58,saas,credit,2024-04-04 12:29:00,2021-10-26 12:29:00,mobile,0.0,1.0,124.27,0.0
980,127,795.17,travel,debit,2024-01-20 21:13:00,2023-11-20 21:13:00,desktop,0.0,2.0,149.44,1.0
981,138,128.83,travel,,not_a_date,2023-11-25 00:15:00,mobile,0.0,1.0,89.05,0.0
982,284,96.42,utilities,credit,2024-02-14 19:50:00,2022-04-05 19:50:00,desktop,0.0,0.0,241.31,0.0
983,116,25.53,payroll,debit,2024-05-27 12:56:00,2022-12-06 12:56:00,mobile,0.0,2.0,,0.0
984,185,731.2,food,debit,2024-01-26 08:03:00,2021-09-30 08:03:00,mobile,0.0,2.0,234.14,0.0
985,225,4.05,food,credit,2024-03-19 14:21:00,2021-07-05 14:21:00,desktop,0.0,2.0,154.67,0.0
986,143,267.26,utilities,debit,2024-05-21 23:25:00,2024-03-17 23:25:00,desktop,0.0,0.0,170.92,0.0
987,124,292.72,entertainment,debit,2024-01-24 15:49:00,2022-05-22 15:49:00,desktop,0.0,2.0,141.72,0.0
988,244,55.85,payroll,debit,2024-04-06 03:22:00,2022-08-29 03:22:00,desktop,0.0,2.0,151.56,0.0
989,112,222.68,saas,debit,2024-03-24 05:53:00,2022-04-20 05:53:00,mobile,0.0,2.0,179.4,0.0
990,124,19.51,entertainment,credit,2024-03-22 03:23:00,2023-10-03 03:23:00,mobile,1.0,0.0,68.17,0.0
991,167,59.42,entertainment,debit,2024-02-19 23:07:00,2023-05-22 23:07:00,mobile,0.0,1.0,117.39,0.0
992,237,310.14,utilities,credit,2024-04-28 04:45:00,2021-11-21 04:45:00,desktop,0.0,3.0,107.75,0.0
993,166,400.03,utilities,debit,2024-06-06 17:07:00,2022-07-08 17:07:00,mobile,0.0,1.0,14712.82,0.0
994,208,187.55,food,debit,2024-03-07 12:01:00,2022-09-19 12:01:00,desktop,0.0,0.0,150.22,0.0
995,245,141.38,utilities,debit,2024-03-19 23:53:00,2023-02-22 23:53:00,mobile,0.0,2.0,180.9,0.0
996,210,34.71,utilities,debit,2024-04-01 12:04:00,2021-09-04 12:04:00,desktop,0.0,2.0,158.24,0.0
997,210,13.04,utilities,debit,2024-01-21 02:06:00,2022-02-27 02:06:00,,0.0,1.0,202.93,0.0
998,133,25.03,food,debit,2024-03-10 07:02:00,2023-04-18 07:02:00,mobile,0.0,2.0,112.99,0.0
999,210,51.59,saas,debit,2024-03-13 17:00:00,2023-11-26 17:00:00,desktop,0.0,1.0,152.91,0.0
1000,107,83.61,saas,debit,2024-02-21 09:04:00,2021-10-27 09:04:00,mobile,0.0,2.0,,0.0
255,189,81.85,utilities,debit,2024-01-25 03:45:00,2022-01-27 03:45:00,mobile,0.0,1.0,234.95,0.0
197,271,74.19,payroll,credit,2024-06-14 16:37:00,2024-03-14 16:37:00,,1.0,0.0,14.15,0.0
195,264,40.78,utilities,debit,2024-04-07 13:29:00,2023-05-24 13:29:00,mobile,0.0,4.0,143.46,0.0
550,262,344.65,travel,debit,2024-06-08 01:51:00,2022-10-23 01:51:00,desktop,1.0,,104.01,0.0
460,215,275.56,travel,,2024-02-02 05:38:00,2022-08-30 05:38:00,desktop,0.0,1.0,166.59,0.0
